日期,菜品,销量
2025-05-01,掌中宝,66.0
2025-05-01,烤羊肉串,168.0
2025-05-01,老坛酸菜味江团,3.0
2025-05-01,老坛酸菜味海鲈鱼,3.0
2025-05-01,老坛酸菜味黔鱼,3.0
2025-05-01,蒜香味江团,11.0
2025-05-01,蒜香味海鲈鱼,14.0
2025-05-01,蒜香味黔鱼,31.0
2025-05-01,酸菜味江团,1.0
2025-05-01,酸菜味海鲈鱼,4.0
2025-05-01,酸菜味黔鱼,14.0
2025-05-01,青椒味江团,12.0
2025-05-01,青椒味海鲈鱼,15.0
2025-05-01,青椒味黔鱼,25.0
2025-05-01,麻辣味江团,28.0
2025-05-01,麻辣味海鲈鱼,31.0
2025-05-01,麻辣味黔鱼,41.0
2025-05-02,掌中宝,87.0
2025-05-02,烤羊肉串,164.0
2025-05-02,老坛酸菜味江团,3.0
2025-05-02,老坛酸菜味海鲈鱼,3.0
2025-05-02,老坛酸菜味黔鱼,3.0
2025-05-02,蒜香味江团,10.0
2025-05-02,蒜香味海鲈鱼,14.0
2025-05-02,蒜香味黔鱼,37.0
2025-05-02,酸菜味江团,1.0
2025-05-02,酸菜味海鲈鱼,5.0
2025-05-02,酸菜味黔鱼,16.0
2025-05-02,青椒味江团,10.0
2025-05-02,青椒味海鲈鱼,14.0
2025-05-02,青椒味黔鱼,25.0
2025-05-02,麻辣味江团,29.0
2025-05-02,麻辣味海鲈鱼,33.0
2025-05-02,麻辣味黔鱼,44.0
2025-05-03,掌中宝,62.0
2025-05-03,烤羊肉串,171.0
2025-05-03,老坛酸菜味江团,6.0
2025-05-03,老坛酸菜味海鲈鱼,6.0
2025-05-03,老坛酸菜味黔鱼,6.0
2025-05-03,蒜香味江团,12.0
2025-05-03,蒜香味海鲈鱼,15.0
2025-05-03,蒜香味黔鱼,38.0
2025-05-03,酸菜味江团,3.0
2025-05-03,酸菜味海鲈鱼,6.0
2025-05-03,酸菜味黔鱼,14.0
2025-05-03,青椒味江团,9.0
2025-05-03,青椒味海鲈鱼,12.0
2025-05-03,青椒味黔鱼,20.0
2025-05-03,麻辣味江团,25.0
2025-05-03,麻辣味海鲈鱼,28.0
2025-05-03,麻辣味黔鱼,37.0
2025-05-04,掌中宝,124.0
2025-05-04,烤羊肉串,187.0
2025-05-04,老坛酸菜味江团,3.0
2025-05-04,老坛酸菜味海鲈鱼,3.0
2025-05-04,老坛酸菜味黔鱼,3.0
2025-05-04,蒜香味江团,8.0
2025-05-04,蒜香味海鲈鱼,11.0
2025-05-04,蒜香味黔鱼,37.0
2025-05-04,酸菜味江团,3.0
2025-05-04,酸菜味海鲈鱼,6.0
2025-05-04,酸菜味黔鱼,17.0
2025-05-04,青椒味江团,8.0
2025-05-04,青椒味海鲈鱼,11.0
2025-05-04,青椒味黔鱼,23.0
2025-05-04,麻辣味江团,29.0
2025-05-04,麻辣味海鲈鱼,32.0
2025-05-04,麻辣味黔鱼,44.0
2025-05-05,掌中宝,72.0
2025-05-05,烤羊肉串,122.0
2025-05-05,老坛酸菜味江团,4.0
2025-05-05,老坛酸菜味海鲈鱼,4.0
2025-05-05,老坛酸菜味黔鱼,4.0
2025-05-05,蒜香味江团,10.0
2025-05-05,蒜香味海鲈鱼,12.0
2025-05-05,蒜香味黔鱼,44.0
2025-05-05,酸菜味江团,1.0
2025-05-05,酸菜味海鲈鱼,3.0
2025-05-05,酸菜味黔鱼,12.0
2025-05-05,青椒味江团,11.0
2025-05-05,青椒味海鲈鱼,13.0
2025-05-05,青椒味黔鱼,21.0
2025-05-05,麻辣味江团,32.0
2025-05-05,麻辣味海鲈鱼,34.0
2025-05-05,麻辣味黔鱼,42.0
2025-05-06,掌中宝,38.0
2025-05-06,烤羊肉串,28.0
2025-05-06,老坛酸菜味江团,2.0
2025-05-06,老坛酸菜味海鲈鱼,2.0
2025-05-06,老坛酸菜味黔鱼,2.0
2025-05-06,蒜香味江团,2.0
2025-05-06,蒜香味海鲈鱼,2.0
2025-05-06,蒜香味黔鱼,9.0
2025-05-06,酸菜味江团,2.0
2025-05-06,酸菜味海鲈鱼,2.0
2025-05-06,酸菜味黔鱼,8.0
2025-05-06,青椒味江团,4.0
2025-05-06,青椒味海鲈鱼,4.0
2025-05-06,青椒味黔鱼,12.0
2025-05-06,麻辣味江团,15.0
2025-05-06,麻辣味海鲈鱼,15.0
2025-05-06,麻辣味黔鱼,31.0
2025-05-07,掌中宝,43.0
2025-05-07,烤羊肉串,47.0
2025-05-07,老坛酸菜味江团,1.0
2025-05-07,老坛酸菜味海鲈鱼,1.0
2025-05-07,老坛酸菜味黔鱼,1.0
2025-05-07,蒜香味江团,6.0
2025-05-07,蒜香味海鲈鱼,7.0
2025-05-07,蒜香味黔鱼,14.0
2025-05-07,酸菜味江团,1.0
2025-05-07,酸菜味海鲈鱼,2.0
2025-05-07,酸菜味黔鱼,7.0
2025-05-07,青椒味江团,5.0
2025-05-07,青椒味海鲈鱼,6.0
2025-05-07,青椒味黔鱼,12.0
2025-05-07,麻辣味江团,12.0
2025-05-07,麻辣味海鲈鱼,13.0
2025-05-07,麻辣味黔鱼,33.0
2025-05-08,掌中宝,41.0
2025-05-08,烤羊肉串,69.0
2025-05-08,蒜香味江团,3.0
2025-05-08,蒜香味海鲈鱼,3.0
2025-05-08,蒜香味黔鱼,12.0
2025-05-08,酸菜味江团,3.0
2025-05-08,酸菜味海鲈鱼,3.0
2025-05-08,酸菜味黔鱼,11.0
2025-05-08,青椒味江团,5.0
2025-05-08,青椒味海鲈鱼,5.0
2025-05-08,青椒味黔鱼,16.0
2025-05-08,麻辣味江团,21.0
2025-05-08,麻辣味海鲈鱼,21.0
2025-05-08,麻辣味黔鱼,37.0
2025-05-09,掌中宝,51.0
2025-05-09,烤羊肉串,86.0
2025-05-09,老坛酸菜味江团,2.0
2025-05-09,老坛酸菜味海鲈鱼,2.0
2025-05-09,老坛酸菜味黔鱼,2.0
2025-05-09,蒜香味江团,6.0
2025-05-09,蒜香味海鲈鱼,9.0
2025-05-09,蒜香味黔鱼,19.0
2025-05-09,酸菜味江团,1.0
2025-05-09,酸菜味海鲈鱼,5.0
2025-05-09,酸菜味黔鱼,11.0
2025-05-09,青椒味江团,5.0
2025-05-09,青椒味海鲈鱼,9.0
2025-05-09,青椒味黔鱼,16.0
2025-05-09,麻辣味江团,22.0
2025-05-09,麻辣味海鲈鱼,26.0
2025-05-09,麻辣味黔鱼,53.0
2025-05-10,掌中宝,89.0
2025-05-10,烤羊肉串,122.0
2025-05-10,老坛酸菜味江团,3.0
2025-05-10,老坛酸菜味海鲈鱼,3.0
2025-05-10,老坛酸菜味黔鱼,3.0
2025-05-10,蒜香味江团,8.0
2025-05-10,蒜香味海鲈鱼,11.0
2025-05-10,蒜香味黔鱼,37.0
2025-05-10,酸菜味江团,2.0
2025-05-10,酸菜味海鲈鱼,4.0
2025-05-10,酸菜味黔鱼,12.0
2025-05-10,青椒味江团,10.0
2025-05-10,青椒味海鲈鱼,12.0
2025-05-10,青椒味黔鱼,20.0
2025-05-10,麻辣味江团,22.0
2025-05-10,麻辣味海鲈鱼,24.0
2025-05-10,麻辣味黔鱼,32.0
2025-05-11,掌中宝,55.0
2025-05-11,烤羊肉串,99.0
2025-05-11,老坛酸菜味江团,4.0
2025-05-11,老坛酸菜味海鲈鱼,4.0
2025-05-11,老坛酸菜味黔鱼,4.0
2025-05-11,蒜香味江团,9.0
2025-05-11,蒜香味海鲈鱼,12.0
2025-05-11,蒜香味黔鱼,44.0
2025-05-11,酸菜味江团,4.0
2025-05-11,酸菜味海鲈鱼,7.0
2025-05-11,酸菜味黔鱼,14.0
2025-05-11,青椒味江团,9.0
2025-05-11,青椒味海鲈鱼,12.0
2025-05-11,青椒味黔鱼,19.0
2025-05-11,麻辣味江团,26.0
2025-05-11,麻辣味海鲈鱼,29.0
2025-05-11,麻辣味黔鱼,37.0
2025-05-12,掌中宝,31.0
2025-05-12,烤羊肉串,23.0
2025-05-12,老坛酸菜味江团,3.0
2025-05-12,老坛酸菜味海鲈鱼,3.0
2025-05-12,老坛酸菜味黔鱼,3.0
2025-05-12,蒜香味江团,4.0
2025-05-12,蒜香味海鲈鱼,5.0
2025-05-12,蒜香味黔鱼,13.0
2025-05-12,酸菜味江团,2.0
2025-05-12,酸菜味海鲈鱼,2.0
2025-05-12,酸菜味黔鱼,8.0
2025-05-12,青椒味江团,3.0
2025-05-12,青椒味海鲈鱼,3.0
2025-05-12,青椒味黔鱼,8.0
2025-05-12,麻辣味江团,13.0
2025-05-12,麻辣味海鲈鱼,14.0
2025-05-12,麻辣味黔鱼,29.0
2025-05-13,掌中宝,31.0
2025-05-13,烤羊肉串,52.0
2025-05-13,老坛酸菜味江团,1.0
2025-05-13,老坛酸菜味海鲈鱼,1.0
2025-05-13,老坛酸菜味黔鱼,1.0
2025-05-13,蒜香味江团,3.0
2025-05-13,蒜香味海鲈鱼,4.0
2025-05-13,蒜香味黔鱼,16.0
2025-05-13,酸菜味江团,1.0
2025-05-13,酸菜味海鲈鱼,3.0
2025-05-13,酸菜味黔鱼,9.0
2025-05-13,青椒味江团,3.0
2025-05-13,青椒味海鲈鱼,4.0
2025-05-13,青椒味黔鱼,13.0
2025-05-13,麻辣味江团,14.0
2025-05-13,麻辣味海鲈鱼,16.0
2025-05-13,麻辣味黔鱼,33.0
2025-05-14,掌中宝,27.0
2025-05-14,烤羊肉串,33.0
2025-05-14,老坛酸菜味江团,1.0
2025-05-14,老坛酸菜味海鲈鱼,1.0
2025-05-14,老坛酸菜味黔鱼,1.0
2025-05-14,蒜香味江团,4.0
2025-05-14,蒜香味海鲈鱼,5.0
2025-05-14,蒜香味黔鱼,10.0
2025-05-14,酸菜味江团,1.0
2025-05-14,酸菜味海鲈鱼,2.0
2025-05-14,酸菜味黔鱼,6.0
2025-05-14,青椒味江团,4.0
2025-05-14,青椒味海鲈鱼,4.0
2025-05-14,青椒味黔鱼,10.0
2025-05-14,麻辣味江团,17.0
2025-05-14,麻辣味海鲈鱼,18.0
2025-05-14,麻辣味黔鱼,32.0
2025-05-15,掌中宝,33.0
2025-05-15,烤羊肉串,25.0
2025-05-15,老坛酸菜味江团,1.0
2025-05-15,老坛酸菜味海鲈鱼,1.0
2025-05-15,老坛酸菜味黔鱼,1.0
2025-05-15,蒜香味江团,3.0
2025-05-15,蒜香味海鲈鱼,4.0
2025-05-15,蒜香味黔鱼,17.0
2025-05-15,酸菜味江团,1.0
2025-05-15,酸菜味海鲈鱼,1.0
2025-05-15,酸菜味黔鱼,15.0
2025-05-15,青椒味江团,5.0
2025-05-15,青椒味海鲈鱼,6.0
2025-05-15,青椒味黔鱼,19.0
2025-05-15,麻辣味江团,14.0
2025-05-15,麻辣味海鲈鱼,15.0
2025-05-15,麻辣味黔鱼,41.0
2025-05-16,掌中宝,84.0
2025-05-16,烤羊肉串,86.0
2025-05-16,老坛酸菜味江团,3.0
2025-05-16,老坛酸菜味海鲈鱼,3.0
2025-05-16,老坛酸菜味黔鱼,3.0
2025-05-16,蒜香味江团,6.0
2025-05-16,蒜香味海鲈鱼,7.0
2025-05-16,蒜香味黔鱼,20.0
2025-05-16,酸菜味江团,2.0
2025-05-16,酸菜味海鲈鱼,2.0
2025-05-16,酸菜味黔鱼,12.0
2025-05-16,青椒味江团,5.0
2025-05-16,青椒味海鲈鱼,6.0
2025-05-16,青椒味黔鱼,14.0
2025-05-16,麻辣味江团,19.0
2025-05-16,麻辣味海鲈鱼,20.0
2025-05-16,麻辣味黔鱼,49.0
2025-05-17,掌中宝,66.0
2025-05-17,烤羊肉串,101.0
2025-05-17,老坛酸菜味江团,3.0
2025-05-17,老坛酸菜味海鲈鱼,3.0
2025-05-17,老坛酸菜味黔鱼,3.0
2025-05-17,蒜香味江团,9.0
2025-05-17,蒜香味海鲈鱼,11.0
2025-05-17,蒜香味黔鱼,28.0
2025-05-17,酸菜味江团,2.0
2025-05-17,酸菜味海鲈鱼,5.0
2025-05-17,酸菜味黔鱼,13.0
2025-05-17,青椒味江团,10.0
2025-05-17,青椒味海鲈鱼,13.0
2025-05-17,青椒味黔鱼,21.0
2025-05-17,麻辣味江团,23.0
2025-05-17,麻辣味海鲈鱼,25.0
2025-05-17,麻辣味黔鱼,33.0
2025-05-18,掌中宝,78.0
2025-05-18,烤羊肉串,91.0
2025-05-18,老坛酸菜味江团,4.0
2025-05-18,老坛酸菜味海鲈鱼,4.0
2025-05-18,老坛酸菜味黔鱼,4.0
2025-05-18,蒜香味江团,9.0
2025-05-18,蒜香味海鲈鱼,12.0
2025-05-18,蒜香味黔鱼,31.0
2025-05-18,酸菜味江团,2.0
2025-05-18,酸菜味海鲈鱼,5.0
2025-05-18,酸菜味黔鱼,11.0
2025-05-18,青椒味江团,10.0
2025-05-18,青椒味海鲈鱼,13.0
2025-05-18,青椒味黔鱼,19.0
2025-05-18,麻辣味江团,26.0
2025-05-18,麻辣味海鲈鱼,29.0
2025-05-18,麻辣味黔鱼,35.0
2025-05-19,掌中宝,26.0
2025-05-19,烤羊肉串,39.0
2025-05-19,老坛酸菜味江团,1.0
2025-05-19,老坛酸菜味海鲈鱼,1.0
2025-05-19,老坛酸菜味黔鱼,1.0
2025-05-19,蒜香味江团,3.0
2025-05-19,蒜香味海鲈鱼,4.0
2025-05-19,蒜香味黔鱼,15.0
2025-05-19,酸菜味江团,1.0
2025-05-19,酸菜味海鲈鱼,2.0
2025-05-19,酸菜味黔鱼,8.0
2025-05-19,青椒味江团,3.0
2025-05-19,青椒味海鲈鱼,4.0
2025-05-19,青椒味黔鱼,12.0
2025-05-19,麻辣味江团,13.0
2025-05-19,麻辣味海鲈鱼,14.0
2025-05-19,麻辣味黔鱼,38.0
2025-05-20,掌中宝,51.0
2025-05-20,烤羊肉串,76.0
2025-05-20,老坛酸菜味江团,3.0
2025-05-20,老坛酸菜味海鲈鱼,3.0
2025-05-20,老坛酸菜味黔鱼,3.0
2025-05-20,蒜香味江团,5.0
2025-05-20,蒜香味海鲈鱼,8.0
2025-05-20,蒜香味黔鱼,25.0
2025-05-20,酸菜味江团,1.0
2025-05-20,酸菜味海鲈鱼,4.0
2025-05-20,酸菜味黔鱼,15.0
2025-05-20,青椒味江团,8.0
2025-05-20,青椒味海鲈鱼,11.0
2025-05-20,青椒味黔鱼,19.0
2025-05-20,麻辣味江团,36.0
2025-05-20,麻辣味海鲈鱼,39.0
2025-05-20,麻辣味黔鱼,55.0
2025-05-21,掌中宝,37.0
2025-05-21,烤羊肉串,37.0
2025-05-21,老坛酸菜味江团,1.0
2025-05-21,老坛酸菜味海鲈鱼,1.0
2025-05-21,老坛酸菜味黔鱼,1.0
2025-05-21,蒜香味江团,3.0
2025-05-21,蒜香味海鲈鱼,5.0
2025-05-21,蒜香味黔鱼,16.0
2025-05-21,酸菜味江团,0.0
2025-05-21,酸菜味海鲈鱼,2.0
2025-05-21,酸菜味黔鱼,14.0
2025-05-21,青椒味江团,5.0
2025-05-21,青椒味海鲈鱼,7.0
2025-05-21,青椒味黔鱼,21.0
2025-05-21,麻辣味江团,18.0
2025-05-21,麻辣味海鲈鱼,20.0
2025-05-21,麻辣味黔鱼,57.0
2025-05-22,掌中宝,39.0
2025-05-22,烤羊肉串,59.0
2025-05-22,老坛酸菜味江团,1.0
2025-05-22,老坛酸菜味海鲈鱼,1.0
2025-05-22,老坛酸菜味黔鱼,1.0
2025-05-22,蒜香味江团,4.0
2025-05-22,蒜香味海鲈鱼,5.0
2025-05-22,蒜香味黔鱼,15.0
2025-05-22,酸菜味江团,2.0
2025-05-22,酸菜味海鲈鱼,3.0
2025-05-22,酸菜味黔鱼,13.0
2025-05-22,青椒味江团,5.0
2025-05-22,青椒味海鲈鱼,6.0
2025-05-22,青椒味黔鱼,15.0
2025-05-22,麻辣味江团,16.0
2025-05-22,麻辣味海鲈鱼,17.0
2025-05-22,麻辣味黔鱼,42.0
2025-05-23,掌中宝,47.0
2025-05-23,烤羊肉串,80.0
2025-05-23,老坛酸菜味江团,2.0
2025-05-23,老坛酸菜味海鲈鱼,2.0
2025-05-23,老坛酸菜味黔鱼,2.0
2025-05-23,蒜香味江团,5.0
2025-05-23,蒜香味海鲈鱼,7.0
2025-05-23,蒜香味黔鱼,22.0
2025-05-23,酸菜味江团,1.0
2025-05-23,酸菜味海鲈鱼,3.0
2025-05-23,酸菜味黔鱼,12.0
2025-05-23,青椒味江团,5.0
2025-05-23,青椒味海鲈鱼,7.0
2025-05-23,青椒味黔鱼,17.0
2025-05-23,麻辣味江团,20.0
2025-05-23,麻辣味海鲈鱼,22.0
2025-05-23,麻辣味黔鱼,43.0
2025-05-24,掌中宝,72.0
2025-05-24,烤羊肉串,92.0
2025-05-24,老坛酸菜味江团,2.0
2025-05-24,老坛酸菜味海鲈鱼,2.0
2025-05-24,老坛酸菜味黔鱼,2.0
2025-05-24,蒜香味江团,10.0
2025-05-24,蒜香味海鲈鱼,13.0
2025-05-24,蒜香味黔鱼,38.0
2025-05-24,酸菜味江团,3.0
2025-05-24,酸菜味海鲈鱼,5.0
2025-05-24,酸菜味黔鱼,16.0
2025-05-24,青椒味江团,9.0
2025-05-24,青椒味海鲈鱼,11.0
2025-05-24,青椒味黔鱼,22.0
2025-05-24,麻辣味江团,22.0
2025-05-24,麻辣味海鲈鱼,24.0
2025-05-24,麻辣味黔鱼,35.0
2025-05-25,掌中宝,53.0
2025-05-25,烤羊肉串,100.0
2025-05-25,老坛酸菜味江团,2.0
2025-05-25,老坛酸菜味海鲈鱼,2.0
2025-05-25,老坛酸菜味黔鱼,2.0
2025-05-25,蒜香味江团,10.0
2025-05-25,蒜香味海鲈鱼,11.0
2025-05-25,蒜香味黔鱼,36.0
2025-05-25,酸菜味江团,1.0
2025-05-25,酸菜味海鲈鱼,2.0
2025-05-25,酸菜味黔鱼,16.0
2025-05-25,青椒味江团,8.0
2025-05-25,青椒味海鲈鱼,8.0
2025-05-25,青椒味黔鱼,22.0
2025-05-25,麻辣味江团,29.0
2025-05-25,麻辣味海鲈鱼,30.0
2025-05-25,麻辣味黔鱼,43.0
2025-05-26,掌中宝,23.0
2025-05-26,烤羊肉串,31.0
2025-05-26,老坛酸菜味江团,2.0
2025-05-26,老坛酸菜味海鲈鱼,2.0
2025-05-26,老坛酸菜味黔鱼,2.0
2025-05-26,蒜香味江团,3.0
2025-05-26,蒜香味海鲈鱼,4.0
2025-05-26,蒜香味黔鱼,11.0
2025-05-26,酸菜味海鲈鱼,1.0
2025-05-26,酸菜味黔鱼,9.0
2025-05-26,青椒味江团,4.0
2025-05-26,青椒味海鲈鱼,5.0
2025-05-26,青椒味黔鱼,17.0
2025-05-26,麻辣味江团,11.0
2025-05-26,麻辣味海鲈鱼,12.0
2025-05-26,麻辣味黔鱼,30.0
2025-05-27,掌中宝,42.0
2025-05-27,烤羊肉串,32.0
2025-05-27,老坛酸菜味江团,2.0
2025-05-27,老坛酸菜味海鲈鱼,2.0
2025-05-27,老坛酸菜味黔鱼,2.0
2025-05-27,蒜香味江团,3.0
2025-05-27,蒜香味海鲈鱼,4.0
2025-05-27,蒜香味黔鱼,14.0
2025-05-27,酸菜味江团,1.0
2025-05-27,酸菜味海鲈鱼,2.0
2025-05-27,酸菜味黔鱼,8.0
2025-05-27,青椒味江团,4.0
2025-05-27,青椒味海鲈鱼,5.0
2025-05-27,青椒味黔鱼,10.0
2025-05-27,麻辣味江团,16.0
2025-05-27,麻辣味海鲈鱼,17.0
2025-05-27,麻辣味黔鱼,32.0
2025-05-28,掌中宝,43.0
2025-05-28,烤羊肉串,62.0
2025-05-28,老坛酸菜味江团,2.0
2025-05-28,老坛酸菜味海鲈鱼,2.0
2025-05-28,老坛酸菜味黔鱼,2.0
2025-05-28,蒜香味江团,3.0
2025-05-28,蒜香味海鲈鱼,5.0
2025-05-28,蒜香味黔鱼,18.0
2025-05-28,酸菜味江团,1.0
2025-05-28,酸菜味海鲈鱼,3.0
2025-05-28,酸菜味黔鱼,8.0
2025-05-28,青椒味江团,7.0
2025-05-28,青椒味海鲈鱼,10.0
2025-05-28,青椒味黔鱼,20.0
2025-05-28,麻辣味江团,16.0
2025-05-28,麻辣味海鲈鱼,18.0
2025-05-28,麻辣味黔鱼,43.0
2025-05-29,掌中宝,48.0
2025-05-29,烤羊肉串,88.0
2025-05-29,老坛酸菜味江团,2.0
2025-05-29,老坛酸菜味海鲈鱼,2.0
2025-05-29,老坛酸菜味黔鱼,2.0
2025-05-29,蒜香味江团,4.0
2025-05-29,蒜香味海鲈鱼,4.0
2025-05-29,蒜香味黔鱼,21.0
2025-05-29,酸菜味江团,2.0
2025-05-29,酸菜味海鲈鱼,2.0
2025-05-29,酸菜味黔鱼,11.0
2025-05-29,青椒味江团,5.0
2025-05-29,青椒味海鲈鱼,5.0
2025-05-29,青椒味黔鱼,15.0
2025-05-29,麻辣味江团,18.0
2025-05-29,麻辣味海鲈鱼,19.0
2025-05-29,麻辣味黔鱼,44.0
2025-05-30,掌中宝,61.0
2025-05-30,烤羊肉串,49.0
2025-05-30,老坛酸菜味江团,3.0
2025-05-30,老坛酸菜味海鲈鱼,3.0
2025-05-30,老坛酸菜味黔鱼,3.0
2025-05-30,蒜香味江团,6.0
2025-05-30,蒜香味海鲈鱼,7.0
2025-05-30,蒜香味黔鱼,27.0
2025-05-30,酸菜味江团,3.0
2025-05-30,酸菜味海鲈鱼,4.0
2025-05-30,酸菜味黔鱼,15.0
2025-05-30,青椒味江团,8.0
2025-05-30,青椒味海鲈鱼,9.0
2025-05-30,青椒味黔鱼,19.0
2025-05-30,麻辣味江团,23.0
2025-05-30,麻辣味海鲈鱼,24.0
2025-05-30,麻辣味黔鱼,42.0
2025-05-31,掌中宝,71.0
2025-05-31,烤羊肉串,98.0
2025-05-31,老坛酸菜味江团,3.0
2025-05-31,老坛酸菜味海鲈鱼,3.0
2025-05-31,老坛酸菜味黔鱼,3.0
2025-05-31,蒜香味江团,11.0
2025-05-31,蒜香味海鲈鱼,14.0
2025-05-31,蒜香味黔鱼,44.0
2025-05-31,酸菜味江团,2.0
2025-05-31,酸菜味海鲈鱼,5.0
2025-05-31,酸菜味黔鱼,21.0
2025-05-31,青椒味江团,6.0
2025-05-31,青椒味海鲈鱼,8.0
2025-05-31,青椒味黔鱼,24.0
2025-05-31,麻辣味江团,29.0
2025-05-31,麻辣味海鲈鱼,31.0
2025-05-31,麻辣味黔鱼,47.0
2025-06-01,掌中宝,53.0
2025-06-01,烤羊肉串,161.0
2025-06-01,老坛酸菜味江团,3.0
2025-06-01,老坛酸菜味海鲈鱼,3.0
2025-06-01,老坛酸菜味黔鱼,3.0
2025-06-01,蒜香味江团,10.0
2025-06-01,蒜香味海鲈鱼,11.0
2025-06-01,蒜香味黔鱼,44.0
2025-06-01,酸菜味江团,3.0
2025-06-01,酸菜味海鲈鱼,5.0
2025-06-01,酸菜味黔鱼,26.0
2025-06-01,青椒味江团,8.0
2025-06-01,青椒味海鲈鱼,10.0
2025-06-01,青椒味黔鱼,31.0
2025-06-01,麻辣味江团,25.0
2025-06-01,麻辣味海鲈鱼,27.0
2025-06-01,麻辣味黔鱼,48.0
2025-06-02,掌中宝,58.0
2025-06-02,烤羊肉串,84.0
2025-06-02,老坛酸菜味江团,3.0
2025-06-02,老坛酸菜味海鲈鱼,3.0
2025-06-02,老坛酸菜味黔鱼,3.0
2025-06-02,蒜香味江团,8.0
2025-06-02,蒜香味海鲈鱼,10.0
2025-06-02,蒜香味黔鱼,35.0
2025-06-02,酸菜味江团,2.0
2025-06-02,酸菜味海鲈鱼,4.0
2025-06-02,酸菜味黔鱼,19.0
2025-06-02,青椒味江团,7.0
2025-06-02,青椒味海鲈鱼,9.0
2025-06-02,青椒味黔鱼,24.0
2025-06-02,麻辣味江团,18.0
2025-06-02,麻辣味海鲈鱼,20.0
2025-06-02,麻辣味黔鱼,36.0
2025-06-03,掌中宝,27.0
2025-06-03,烤羊肉串,47.0
2025-06-03,老坛酸菜味江团,2.0
2025-06-03,老坛酸菜味海鲈鱼,2.0
2025-06-03,老坛酸菜味黔鱼,2.0
2025-06-03,蒜香味江团,4.0
2025-06-03,蒜香味海鲈鱼,5.0
2025-06-03,蒜香味黔鱼,19.0
2025-06-03,酸菜味江团,1.0
2025-06-03,酸菜味海鲈鱼,2.0
2025-06-03,酸菜味黔鱼,10.0
2025-06-03,青椒味江团,4.0
2025-06-03,青椒味海鲈鱼,5.0
2025-06-03,青椒味黔鱼,15.0
2025-06-03,麻辣味江团,16.0
2025-06-03,麻辣味海鲈鱼,17.0
2025-06-03,麻辣味黔鱼,31.0
2025-06-04,掌中宝,29.0
2025-06-04,烤羊肉串,47.0
2025-06-04,老坛酸菜味江团,2.0
2025-06-04,老坛酸菜味海鲈鱼,2.0
2025-06-04,老坛酸菜味黔鱼,2.0
2025-06-04,蒜香味江团,3.0
2025-06-04,蒜香味海鲈鱼,3.0
2025-06-04,蒜香味黔鱼,12.0
2025-06-04,酸菜味江团,1.0
2025-06-04,酸菜味海鲈鱼,1.0
2025-06-04,酸菜味黔鱼,12.0
2025-06-04,青椒味江团,4.0
2025-06-04,青椒味海鲈鱼,4.0
2025-06-04,青椒味黔鱼,17.0
2025-06-04,麻辣味江团,12.0
2025-06-04,麻辣味海鲈鱼,13.0
2025-06-04,麻辣味黔鱼,39.0
2025-06-05,掌中宝,34.0
2025-06-05,烤羊肉串,26.0
2025-06-05,老坛酸菜味江团,1.0
2025-06-05,老坛酸菜味海鲈鱼,1.0
2025-06-05,老坛酸菜味黔鱼,1.0
2025-06-05,蒜香味江团,3.0
2025-06-05,蒜香味海鲈鱼,3.0
2025-06-05,蒜香味黔鱼,13.0
2025-06-05,酸菜味江团,1.0
2025-06-05,酸菜味海鲈鱼,2.0
2025-06-05,酸菜味黔鱼,11.0
2025-06-05,青椒味江团,5.0
2025-06-05,青椒味海鲈鱼,6.0
2025-06-05,青椒味黔鱼,16.0
2025-06-05,麻辣味江团,16.0
2025-06-05,麻辣味海鲈鱼,16.0
2025-06-05,麻辣味黔鱼,35.0
2025-06-06,掌中宝,65.0
2025-06-06,烤羊肉串,63.0
2025-06-06,老坛酸菜味江团,3.0
2025-06-06,老坛酸菜味海鲈鱼,3.0
2025-06-06,老坛酸菜味黔鱼,3.0
2025-06-06,蒜香味江团,5.0
2025-06-06,蒜香味海鲈鱼,7.0
2025-06-06,蒜香味黔鱼,24.0
2025-06-06,酸菜味江团,2.0
2025-06-06,酸菜味海鲈鱼,4.0
2025-06-06,酸菜味黔鱼,14.0
2025-06-06,青椒味江团,8.0
2025-06-06,青椒味海鲈鱼,10.0
2025-06-06,青椒味黔鱼,22.0
2025-06-06,麻辣味江团,24.0
2025-06-06,麻辣味海鲈鱼,26.0
2025-06-06,麻辣味黔鱼,53.0
2025-06-07,掌中宝,84.0
2025-06-07,烤羊肉串,74.0
2025-06-07,老坛酸菜味江团,4.0
2025-06-07,老坛酸菜味海鲈鱼,4.0
2025-06-07,老坛酸菜味黔鱼,4.0
2025-06-07,蒜香味江团,9.0
2025-06-07,蒜香味海鲈鱼,10.0
2025-06-07,蒜香味黔鱼,41.0
2025-06-07,酸菜味江团,2.0
2025-06-07,酸菜味海鲈鱼,4.0
2025-06-07,酸菜味黔鱼,18.0
2025-06-07,青椒味江团,7.0
2025-06-07,青椒味海鲈鱼,8.0
2025-06-07,青椒味黔鱼,23.0
2025-06-07,麻辣味江团,22.0
2025-06-07,麻辣味海鲈鱼,23.0
2025-06-07,麻辣味黔鱼,38.0
2025-06-08,掌中宝,52.0
2025-06-08,烤羊肉串,39.0
2025-06-08,老坛酸菜味江团,2.0
2025-06-08,老坛酸菜味海鲈鱼,2.0
2025-06-08,老坛酸菜味黔鱼,2.0
2025-06-08,蒜香味江团,9.0
2025-06-08,蒜香味海鲈鱼,9.0
2025-06-08,蒜香味黔鱼,33.0
2025-06-08,酸菜味江团,2.0
2025-06-08,酸菜味海鲈鱼,2.0
2025-06-08,酸菜味黔鱼,17.0
2025-06-08,青椒味江团,10.0
2025-06-08,青椒味海鲈鱼,9.0
2025-06-08,青椒味黔鱼,25.0
2025-06-08,麻辣味江团,17.0
2025-06-08,麻辣味海鲈鱼,17.0
2025-06-08,麻辣味黔鱼,33.0
2025-06-09,掌中宝,44.0
2025-06-09,烤羊肉串,38.0
2025-06-09,老坛酸菜味江团,1.0
2025-06-09,老坛酸菜味海鲈鱼,1.0
2025-06-09,老坛酸菜味黔鱼,1.0
2025-06-09,蒜香味江团,3.0
2025-06-09,蒜香味海鲈鱼,5.0
2025-06-09,蒜香味黔鱼,14.0
2025-06-09,酸菜味江团,1.0
2025-06-09,酸菜味海鲈鱼,2.0
2025-06-09,酸菜味黔鱼,11.0
2025-06-09,青椒味江团,6.0
2025-06-09,青椒味海鲈鱼,7.0
2025-06-09,青椒味黔鱼,17.0
2025-06-09,麻辣味江团,16.0
2025-06-09,麻辣味海鲈鱼,17.0
2025-06-09,麻辣味黔鱼,35.0
2025-06-10,掌中宝,38.0
2025-06-10,烤羊肉串,41.0
2025-06-10,老坛酸菜味江团,2.0
2025-06-10,老坛酸菜味海鲈鱼,2.0
2025-06-10,老坛酸菜味黔鱼,2.0
2025-06-10,蒜香味江团,2.0
2025-06-10,蒜香味海鲈鱼,3.0
2025-06-10,蒜香味黔鱼,14.0
2025-06-10,酸菜味江团,1.0
2025-06-10,酸菜味海鲈鱼,2.0
2025-06-10,酸菜味黔鱼,13.0
2025-06-10,青椒味江团,4.0
2025-06-10,青椒味海鲈鱼,5.0
2025-06-10,青椒味黔鱼,19.0
2025-06-10,麻辣味江团,21.0
2025-06-10,麻辣味海鲈鱼,22.0
2025-06-10,麻辣味黔鱼,53.0
2025-06-11,掌中宝,45.0
2025-06-11,烤羊肉串,91.0
2025-06-11,蒜香味江团,2.0
2025-06-11,蒜香味海鲈鱼,4.0
2025-06-11,蒜香味黔鱼,27.0
2025-06-11,酸菜味江团,2.0
2025-06-11,酸菜味海鲈鱼,4.0
2025-06-11,酸菜味黔鱼,16.0
2025-06-11,青椒味江团,4.0
2025-06-11,青椒味海鲈鱼,6.0
2025-06-11,青椒味黔鱼,18.0
2025-06-11,麻辣味江团,19.0
2025-06-11,麻辣味海鲈鱼,21.0
2025-06-11,麻辣味黔鱼,52.0
2025-06-12,掌中宝,49.0
2025-06-12,烤羊肉串,66.0
2025-06-12,老坛酸菜味江团,3.0
2025-06-12,老坛酸菜味海鲈鱼,3.0
2025-06-12,老坛酸菜味黔鱼,3.0
2025-06-12,蒜香味江团,6.0
2025-06-12,蒜香味海鲈鱼,7.0
2025-06-12,蒜香味黔鱼,24.0
2025-06-12,酸菜味江团,1.0
2025-06-12,酸菜味海鲈鱼,3.0
2025-06-12,酸菜味黔鱼,17.0
2025-06-12,青椒味江团,4.0
2025-06-12,青椒味海鲈鱼,6.0
2025-06-12,青椒味黔鱼,19.0
2025-06-12,麻辣味江团,15.0
2025-06-12,麻辣味海鲈鱼,17.0
2025-06-12,麻辣味黔鱼,46.0
2025-06-13,掌中宝,53.0
2025-06-13,烤羊肉串,79.0
2025-06-13,老坛酸菜味江团,3.0
2025-06-13,老坛酸菜味海鲈鱼,3.0
2025-06-13,老坛酸菜味黔鱼,3.0
2025-06-13,蒜香味江团,7.0
2025-06-13,蒜香味海鲈鱼,8.0
2025-06-13,蒜香味黔鱼,22.0
2025-06-13,酸菜味江团,3.0
2025-06-13,酸菜味海鲈鱼,4.0
2025-06-13,酸菜味黔鱼,19.0
2025-06-13,青椒味江团,5.0
2025-06-13,青椒味海鲈鱼,7.0
2025-06-13,青椒味黔鱼,24.0
2025-06-13,麻辣味江团,26.0
2025-06-13,麻辣味海鲈鱼,27.0
2025-06-13,麻辣味黔鱼,70.0
2025-06-14,掌中宝,68.0
2025-06-14,烤羊肉串,96.0
2025-06-14,老坛酸菜味江团,2.0
2025-06-14,老坛酸菜味海鲈鱼,2.0
2025-06-14,老坛酸菜味黔鱼,2.0
2025-06-14,蒜香味江团,9.0
2025-06-14,蒜香味海鲈鱼,10.0
2025-06-14,蒜香味黔鱼,40.0
2025-06-14,酸菜味江团,1.0
2025-06-14,酸菜味海鲈鱼,3.0
2025-06-14,酸菜味黔鱼,18.0
2025-06-14,青椒味江团,8.0
2025-06-14,青椒味海鲈鱼,9.0
2025-06-14,青椒味黔鱼,24.0
2025-06-14,麻辣味江团,23.0
2025-06-14,麻辣味海鲈鱼,24.0
2025-06-14,麻辣味黔鱼,39.0
2025-06-15,掌中宝,81.0
2025-06-15,烤羊肉串,95.0
2025-06-15,老坛酸菜味江团,3.0
2025-06-15,老坛酸菜味海鲈鱼,3.0
2025-06-15,老坛酸菜味黔鱼,3.0
2025-06-15,蒜香味江团,11.0
2025-06-15,蒜香味海鲈鱼,13.0
2025-06-15,蒜香味黔鱼,49.0
2025-06-15,酸菜味江团,3.0
2025-06-15,酸菜味海鲈鱼,5.0
2025-06-15,酸菜味黔鱼,21.0
2025-06-15,青椒味江团,8.0
2025-06-15,青椒味海鲈鱼,10.0
2025-06-15,青椒味黔鱼,26.0
2025-06-15,麻辣味江团,32.0
2025-06-15,麻辣味海鲈鱼,34.0
2025-06-15,麻辣味黔鱼,50.0
2025-06-16,掌中宝,27.0
2025-06-16,烤羊肉串,40.0
2025-06-16,老坛酸菜味江团,2.0
2025-06-16,老坛酸菜味海鲈鱼,2.0
2025-06-16,老坛酸菜味黔鱼,2.0
2025-06-16,蒜香味江团,3.0
2025-06-16,蒜香味海鲈鱼,4.0
2025-06-16,蒜香味黔鱼,17.0
2025-06-16,酸菜味江团,2.0
2025-06-16,酸菜味海鲈鱼,3.0
2025-06-16,酸菜味黔鱼,14.0
2025-06-16,青椒味江团,7.0
2025-06-16,青椒味海鲈鱼,8.0
2025-06-16,青椒味黔鱼,21.0
2025-06-16,麻辣味江团,18.0
2025-06-16,麻辣味海鲈鱼,19.0
2025-06-16,麻辣味黔鱼,35.0
2025-06-17,掌中宝,42.0
2025-06-17,烤羊肉串,59.0
2025-06-17,老坛酸菜味江团,1.0
2025-06-17,老坛酸菜味海鲈鱼,1.0
2025-06-17,老坛酸菜味黔鱼,1.0
2025-06-17,蒜香味江团,5.0
2025-06-17,蒜香味海鲈鱼,6.0
2025-06-17,蒜香味黔鱼,18.0
2025-06-17,酸菜味江团,2.0
2025-06-17,酸菜味海鲈鱼,3.0
2025-06-17,酸菜味黔鱼,15.0
2025-06-17,青椒味江团,6.0
2025-06-17,青椒味海鲈鱼,8.0
2025-06-17,青椒味黔鱼,20.0
2025-06-17,麻辣味江团,20.0
2025-06-17,麻辣味海鲈鱼,21.0
2025-06-17,麻辣味黔鱼,44.0
2025-06-18,掌中宝,49.0
2025-06-18,烤羊肉串,41.0
2025-06-18,老坛酸菜味江团,2.0
2025-06-18,老坛酸菜味海鲈鱼,2.0
2025-06-18,老坛酸菜味黔鱼,2.0
2025-06-18,蒜香味江团,4.0
2025-06-18,蒜香味海鲈鱼,5.0
2025-06-18,蒜香味黔鱼,21.0
2025-06-18,酸菜味江团,1.0
2025-06-18,酸菜味海鲈鱼,2.0
2025-06-18,酸菜味黔鱼,14.0
2025-06-18,青椒味江团,4.0
2025-06-18,青椒味海鲈鱼,5.0
2025-06-18,青椒味黔鱼,20.0
2025-06-18,麻辣味江团,22.0
2025-06-18,麻辣味海鲈鱼,23.0
2025-06-18,麻辣味黔鱼,67.0
2025-06-19,掌中宝,74.0
2025-06-19,烤羊肉串,23.0
2025-06-19,老坛酸菜味江团,1.0
2025-06-19,老坛酸菜味海鲈鱼,1.0
2025-06-19,老坛酸菜味黔鱼,1.0
2025-06-19,蒜香味江团,6.0
2025-06-19,蒜香味海鲈鱼,7.0
2025-06-19,蒜香味黔鱼,21.0
2025-06-19,酸菜味江团,1.0
2025-06-19,酸菜味海鲈鱼,2.0
2025-06-19,酸菜味黔鱼,15.0
2025-06-19,青椒味江团,5.0
2025-06-19,青椒味海鲈鱼,5.0
2025-06-19,青椒味黔鱼,19.0
2025-06-19,麻辣味江团,23.0
2025-06-19,麻辣味海鲈鱼,24.0
2025-06-19,麻辣味黔鱼,56.0
2025-06-20,掌中宝,53.0
2025-06-20,烤羊肉串,81.0
2025-06-20,老坛酸菜味江团,2.0
2025-06-20,老坛酸菜味海鲈鱼,2.0
2025-06-20,老坛酸菜味黔鱼,2.0
2025-06-20,蒜香味江团,6.0
2025-06-20,蒜香味海鲈鱼,8.0
2025-06-20,蒜香味黔鱼,30.0
2025-06-20,酸菜味江团,2.0
2025-06-20,酸菜味海鲈鱼,3.0
2025-06-20,酸菜味黔鱼,18.0
2025-06-20,青椒味江团,7.0
2025-06-20,青椒味海鲈鱼,9.0
2025-06-20,青椒味黔鱼,29.0
2025-06-20,麻辣味江团,23.0
2025-06-20,麻辣味海鲈鱼,24.0
2025-06-20,麻辣味黔鱼,60.0
2025-06-21,掌中宝,65.0
2025-06-21,烤羊肉串,95.0
2025-06-21,老坛酸菜味江团,2.0
2025-06-21,老坛酸菜味海鲈鱼,2.0
2025-06-21,老坛酸菜味黔鱼,2.0
2025-06-21,蒜香味江团,10.0
2025-06-21,蒜香味海鲈鱼,12.0
2025-06-21,蒜香味黔鱼,45.0
2025-06-21,酸菜味江团,1.0
2025-06-21,酸菜味海鲈鱼,3.0
2025-06-21,酸菜味黔鱼,19.0
2025-06-21,青椒味江团,10.0
2025-06-21,青椒味海鲈鱼,12.0
2025-06-21,青椒味黔鱼,28.0
2025-06-21,麻辣味江团,29.0
2025-06-21,麻辣味海鲈鱼,32.0
2025-06-21,麻辣味黔鱼,47.0
2025-06-22,掌中宝,34.0
2025-06-22,烤羊肉串,89.0
2025-06-22,老坛酸菜味江团,4.0
2025-06-22,老坛酸菜味海鲈鱼,4.0
2025-06-22,老坛酸菜味黔鱼,4.0
2025-06-22,蒜香味江团,7.0
2025-06-22,蒜香味海鲈鱼,9.0
2025-06-22,蒜香味黔鱼,48.0
2025-06-22,酸菜味江团,2.0
2025-06-22,酸菜味海鲈鱼,4.0
2025-06-22,酸菜味黔鱼,23.0
2025-06-22,青椒味江团,9.0
2025-06-22,青椒味海鲈鱼,11.0
2025-06-22,青椒味黔鱼,30.0
2025-06-22,麻辣味江团,28.0
2025-06-22,麻辣味海鲈鱼,30.0
2025-06-22,麻辣味黔鱼,49.0
2025-06-23,掌中宝,44.0
2025-06-23,烤羊肉串,57.0
2025-06-23,老坛酸菜味江团,2.0
2025-06-23,老坛酸菜味海鲈鱼,2.0
2025-06-23,老坛酸菜味黔鱼,2.0
2025-06-23,蒜香味江团,4.0
2025-06-23,蒜香味海鲈鱼,5.0
2025-06-23,蒜香味黔鱼,19.0
2025-06-23,酸菜味江团,1.0
2025-06-23,酸菜味海鲈鱼,3.0
2025-06-23,酸菜味黔鱼,12.0
2025-06-23,青椒味江团,5.0
2025-06-23,青椒味海鲈鱼,6.0
2025-06-23,青椒味黔鱼,19.0
2025-06-23,麻辣味江团,12.0
2025-06-23,麻辣味海鲈鱼,13.0
2025-06-23,麻辣味黔鱼,43.0
2025-06-24,掌中宝,53.0
2025-06-24,烤羊肉串,78.0
2025-06-24,老坛酸菜味江团,2.0
2025-06-24,老坛酸菜味海鲈鱼,2.0
2025-06-24,老坛酸菜味黔鱼,2.0
2025-06-24,蒜香味江团,2.0
2025-06-24,蒜香味海鲈鱼,4.0
2025-06-24,蒜香味黔鱼,30.0
2025-06-24,酸菜味江团,2.0
2025-06-24,酸菜味海鲈鱼,4.0
2025-06-24,酸菜味黔鱼,14.0
2025-06-24,青椒味江团,5.0
2025-06-24,青椒味海鲈鱼,8.0
2025-06-24,青椒味黔鱼,17.0
2025-06-24,麻辣味江团,27.0
2025-06-24,麻辣味海鲈鱼,30.0
2025-06-24,麻辣味黔鱼,39.0
2025-06-25,掌中宝,33.0
2025-06-25,烤羊肉串,36.0
2025-06-25,老坛酸菜味江团,1.0
2025-06-25,老坛酸菜味海鲈鱼,1.0
2025-06-25,老坛酸菜味黔鱼,1.0
2025-06-25,蒜香味江团,7.0
2025-06-25,蒜香味海鲈鱼,7.0
2025-06-25,蒜香味黔鱼,11.0
2025-06-25,酸菜味江团,1.0
2025-06-25,酸菜味海鲈鱼,1.0
2025-06-25,酸菜味黔鱼,3.0
2025-06-25,青椒味江团,7.0
2025-06-25,青椒味海鲈鱼,7.0
2025-06-25,青椒味黔鱼,11.0
2025-06-25,麻辣味江团,19.0
2025-06-25,麻辣味海鲈鱼,20.0
2025-06-25,麻辣味黔鱼,43.0
2025-06-26,掌中宝,53.0
2025-06-26,烤羊肉串,71.0
2025-06-26,老坛酸菜味江团,2.0
2025-06-26,老坛酸菜味海鲈鱼,2.0
2025-06-26,老坛酸菜味黔鱼,2.0
2025-06-26,蒜香味江团,5.0
2025-06-26,蒜香味海鲈鱼,5.0
2025-06-26,蒜香味黔鱼,11.0
2025-06-26,酸菜味江团,2.0
2025-06-26,酸菜味海鲈鱼,3.0
2025-06-26,酸菜味黔鱼,5.0
2025-06-26,青椒味江团,5.0
2025-06-26,青椒味海鲈鱼,5.0
2025-06-26,青椒味黔鱼,7.0
2025-06-26,麻辣味江团,22.0
2025-06-26,麻辣味海鲈鱼,22.0
2025-06-26,麻辣味黔鱼,41.0
2025-06-27,掌中宝,49.0
2025-06-27,烤羊肉串,106.0
2025-06-27,老坛酸菜味江团,2.0
2025-06-27,老坛酸菜味海鲈鱼,2.0
2025-06-27,老坛酸菜味黔鱼,2.0
2025-06-27,蒜香味江团,5.0
2025-06-27,蒜香味海鲈鱼,5.0
2025-06-27,蒜香味黔鱼,9.0
2025-06-27,酸菜味江团,2.0
2025-06-27,酸菜味海鲈鱼,1.0
2025-06-27,酸菜味黔鱼,5.0
2025-06-27,青椒味江团,7.0
2025-06-27,青椒味海鲈鱼,7.0
2025-06-27,青椒味黔鱼,11.0
2025-06-27,麻辣味江团,28.0
2025-06-27,麻辣味海鲈鱼,28.0
2025-06-27,麻辣味黔鱼,45.0
2025-06-28,掌中宝,78.0
2025-06-28,烤羊肉串,119.0
2025-06-28,老坛酸菜味江团,4.0
2025-06-28,老坛酸菜味海鲈鱼,4.0
2025-06-28,老坛酸菜味黔鱼,4.0
2025-06-28,蒜香味江团,5.0
2025-06-28,蒜香味海鲈鱼,6.0
2025-06-28,蒜香味黔鱼,22.0
2025-06-28,酸菜味江团,2.0
2025-06-28,酸菜味海鲈鱼,2.0
2025-06-28,酸菜味黔鱼,4.0
2025-06-28,青椒味江团,11.0
2025-06-28,青椒味海鲈鱼,11.0
2025-06-28,青椒味黔鱼,12.0
2025-06-28,麻辣味江团,32.0
2025-06-28,麻辣味海鲈鱼,32.0
2025-06-28,麻辣味黔鱼,33.0
2025-06-29,掌中宝,64.0
2025-06-29,烤羊肉串,65.0
2025-06-29,老坛酸菜味江团,3.0
2025-06-29,老坛酸菜味海鲈鱼,3.0
2025-06-29,老坛酸菜味黔鱼,3.0
2025-06-29,蒜香味江团,10.0
2025-06-29,蒜香味海鲈鱼,10.0
2025-06-29,蒜香味黔鱼,31.0
2025-06-29,酸菜味江团,2.0
2025-06-29,酸菜味海鲈鱼,2.0
2025-06-29,酸菜味黔鱼,2.0
2025-06-29,青椒味江团,11.0
2025-06-29,青椒味海鲈鱼,11.0
2025-06-29,青椒味黔鱼,11.0
2025-06-29,麻辣味江团,37.0
2025-06-29,麻辣味海鲈鱼,37.0
2025-06-29,麻辣味黔鱼,38.0
2025-06-30,掌中宝,40.0
2025-06-30,烤羊肉串,98.0
2025-06-30,老坛酸菜味江团,1.0
2025-06-30,老坛酸菜味海鲈鱼,1.0
2025-06-30,老坛酸菜味黔鱼,1.0
2025-06-30,蒜香味江团,4.0
2025-06-30,蒜香味海鲈鱼,4.0
2025-06-30,蒜香味黔鱼,10.0
2025-06-30,酸菜味江团,1.0
2025-06-30,酸菜味海鲈鱼,1.0
2025-06-30,酸菜味黔鱼,3.0
2025-06-30,青椒味江团,7.0
2025-06-30,青椒味海鲈鱼,7.0
2025-06-30,青椒味黔鱼,11.0
2025-06-30,麻辣味江团,22.0
2025-06-30,麻辣味海鲈鱼,23.0
2025-06-30,麻辣味黔鱼,41.0
2025-07-01,掌中宝,59.0
2025-07-01,烤羊肉串,88.0
2025-07-01,老坛酸菜味江团,1.0
2025-07-01,老坛酸菜味海鲈鱼,1.0
2025-07-01,老坛酸菜味黔鱼,1.0
2025-07-01,蒜香味江团,8.0
2025-07-01,蒜香味海鲈鱼,8.0
2025-07-01,蒜香味黔鱼,12.0
2025-07-01,酸菜味江团,2.0
2025-07-01,酸菜味海鲈鱼,2.0
2025-07-01,酸菜味黔鱼,5.0
2025-07-01,青椒味江团,7.0
2025-07-01,青椒味海鲈鱼,7.0
2025-07-01,青椒味黔鱼,12.0
2025-07-01,麻辣味江团,23.0
2025-07-01,麻辣味海鲈鱼,24.0
2025-07-01,麻辣味黔鱼,38.0
2025-07-02,掌中宝,29.0
2025-07-02,烤羊肉串,44.0
2025-07-02,老坛酸菜味江团,2.0
2025-07-02,老坛酸菜味海鲈鱼,2.0
2025-07-02,老坛酸菜味黔鱼,2.0
2025-07-02,蒜香味江团,8.0
2025-07-02,蒜香味海鲈鱼,8.0
2025-07-02,蒜香味黔鱼,15.0
2025-07-02,酸菜味江团,2.0
2025-07-02,酸菜味海鲈鱼,2.0
2025-07-02,酸菜味黔鱼,5.0
2025-07-02,青椒味江团,4.0
2025-07-02,青椒味海鲈鱼,4.0
2025-07-02,青椒味黔鱼,5.0
2025-07-02,麻辣味江团,20.0
2025-07-02,麻辣味海鲈鱼,20.0
2025-07-02,麻辣味黔鱼,41.0
2025-07-03,掌中宝,60.0
2025-07-03,烤羊肉串,98.0
2025-07-03,老坛酸菜味江团,1.0
2025-07-03,老坛酸菜味海鲈鱼,1.0
2025-07-03,老坛酸菜味黔鱼,1.0
2025-07-03,蒜香味江团,4.0
2025-07-03,蒜香味海鲈鱼,4.0
2025-07-03,蒜香味黔鱼,12.0
2025-07-03,酸菜味江团,3.0
2025-07-03,酸菜味海鲈鱼,3.0
2025-07-03,酸菜味黔鱼,4.0
2025-07-03,青椒味江团,6.0
2025-07-03,青椒味海鲈鱼,6.0
2025-07-03,青椒味黔鱼,6.0
2025-07-03,麻辣味江团,30.0
2025-07-03,麻辣味海鲈鱼,30.0
2025-07-03,麻辣味黔鱼,45.0
2025-07-04,掌中宝,38.0
2025-07-04,烤羊肉串,87.0
2025-07-04,老坛酸菜味江团,3.0
2025-07-04,老坛酸菜味海鲈鱼,3.0
2025-07-04,老坛酸菜味黔鱼,3.0
2025-07-04,蒜香味江团,5.0
2025-07-04,蒜香味海鲈鱼,5.0
2025-07-04,蒜香味黔鱼,16.0
2025-07-04,酸菜味江团,2.0
2025-07-04,酸菜味海鲈鱼,2.0
2025-07-04,酸菜味黔鱼,4.0
2025-07-04,青椒味江团,5.0
2025-07-04,青椒味海鲈鱼,5.0
2025-07-04,青椒味黔鱼,12.0
2025-07-04,麻辣味江团,28.0
2025-07-04,麻辣味海鲈鱼,28.0
2025-07-04,麻辣味黔鱼,44.0
2025-07-05,掌中宝,69.0
2025-07-05,烤羊肉串,110.0
2025-07-05,老坛酸菜味江团,5.0
2025-07-05,老坛酸菜味海鲈鱼,5.0
2025-07-05,老坛酸菜味黔鱼,5.0
2025-07-05,蒜香味江团,12.0
2025-07-05,蒜香味海鲈鱼,12.0
2025-07-05,蒜香味黔鱼,23.0
2025-07-05,酸菜味江团,1.0
2025-07-05,酸菜味海鲈鱼,1.0
2025-07-05,酸菜味黔鱼,2.0
2025-07-05,青椒味江团,10.0
2025-07-05,青椒味海鲈鱼,10.0
2025-07-05,青椒味黔鱼,10.0
2025-07-05,麻辣味江团,26.0
2025-07-05,麻辣味海鲈鱼,26.0
2025-07-05,麻辣味黔鱼,26.0
2025-07-06,掌中宝,74.0
2025-07-06,烤羊肉串,88.0
2025-07-06,老坛酸菜味江团,3.0
2025-07-06,老坛酸菜味海鲈鱼,3.0
2025-07-06,老坛酸菜味黔鱼,3.0
2025-07-06,蒜香味江团,11.0
2025-07-06,蒜香味海鲈鱼,11.0
2025-07-06,蒜香味黔鱼,25.0
2025-07-06,酸菜味江团,1.0
2025-07-06,酸菜味海鲈鱼,1.0
2025-07-06,酸菜味黔鱼,2.0
2025-07-06,青椒味江团,9.0
2025-07-06,青椒味海鲈鱼,9.0
2025-07-06,青椒味黔鱼,10.0
2025-07-06,麻辣味江团,28.0
2025-07-06,麻辣味海鲈鱼,28.0
2025-07-06,麻辣味黔鱼,29.0
2025-07-07,掌中宝,22.0
2025-07-07,烤羊肉串,40.0
2025-07-07,老坛酸菜味江团,3.0
2025-07-07,老坛酸菜味海鲈鱼,3.0
2025-07-07,老坛酸菜味黔鱼,3.0
2025-07-07,蒜香味江团,5.0
2025-07-07,蒜香味海鲈鱼,5.0
2025-07-07,蒜香味黔鱼,9.0
2025-07-07,酸菜味江团,2.0
2025-07-07,酸菜味海鲈鱼,2.0
2025-07-07,酸菜味黔鱼,5.0
2025-07-07,青椒味江团,4.0
2025-07-07,青椒味海鲈鱼,3.0
2025-07-07,青椒味黔鱼,4.0
2025-07-07,麻辣味江团,16.0
2025-07-07,麻辣味海鲈鱼,16.0
2025-07-07,麻辣味黔鱼,33.0
2025-07-08,掌中宝,54.0
2025-07-08,烤羊肉串,67.0
2025-07-08,老坛酸菜味江团,3.0
2025-07-08,老坛酸菜味海鲈鱼,3.0
2025-07-08,老坛酸菜味黔鱼,3.0
2025-07-08,蒜香味江团,8.0
2025-07-08,蒜香味海鲈鱼,8.0
2025-07-08,蒜香味黔鱼,9.0
2025-07-08,酸菜味江团,1.0
2025-07-08,酸菜味海鲈鱼,1.0
2025-07-08,酸菜味黔鱼,4.0
2025-07-08,青椒味江团,6.0
2025-07-08,青椒味海鲈鱼,6.0
2025-07-08,青椒味黔鱼,10.0
2025-07-08,麻辣味江团,14.0
2025-07-08,麻辣味海鲈鱼,14.0
2025-07-08,麻辣味黔鱼,31.0
2025-07-09,掌中宝,37.0
2025-07-09,烤羊肉串,67.0
2025-07-09,老坛酸菜味江团,2.0
2025-07-09,老坛酸菜味海鲈鱼,2.0
2025-07-09,老坛酸菜味黔鱼,2.0
2025-07-09,蒜香味江团,6.0
2025-07-09,蒜香味海鲈鱼,6.0
2025-07-09,蒜香味黔鱼,12.0
2025-07-09,酸菜味江团,1.0
2025-07-09,酸菜味海鲈鱼,1.0
2025-07-09,酸菜味黔鱼,1.0
2025-07-09,青椒味江团,6.0
2025-07-09,青椒味海鲈鱼,6.0
2025-07-09,青椒味黔鱼,7.0
2025-07-09,麻辣味江团,21.0
2025-07-09,麻辣味海鲈鱼,21.0
2025-07-09,麻辣味黔鱼,42.0
2025-07-10,掌中宝,82.0
2025-07-10,烤羊肉串,118.0
2025-07-10,老坛酸菜味江团,3.0
2025-07-10,老坛酸菜味海鲈鱼,3.0
2025-07-10,老坛酸菜味黔鱼,3.0
2025-07-10,蒜香味江团,8.0
2025-07-10,蒜香味海鲈鱼,8.0
2025-07-10,蒜香味黔鱼,16.0
2025-07-10,酸菜味江团,1.0
2025-07-10,酸菜味海鲈鱼,2.0
2025-07-10,酸菜味黔鱼,4.0
2025-07-10,青椒味江团,5.0
2025-07-10,青椒味海鲈鱼,5.0
2025-07-10,青椒味黔鱼,8.0
2025-07-10,麻辣味江团,20.0
2025-07-10,麻辣味海鲈鱼,20.0
2025-07-10,麻辣味黔鱼,32.0
2025-07-11,掌中宝,74.0
2025-07-11,烤羊肉串,112.0
2025-07-11,老坛酸菜味江团,2.0
2025-07-11,老坛酸菜味海鲈鱼,2.0
2025-07-11,老坛酸菜味黔鱼,2.0
2025-07-11,蒜香味江团,8.0
2025-07-11,蒜香味海鲈鱼,7.0
2025-07-11,蒜香味黔鱼,17.0
2025-07-11,酸菜味江团,4.0
2025-07-11,酸菜味海鲈鱼,4.0
2025-07-11,酸菜味黔鱼,7.0
2025-07-11,青椒味江团,10.0
2025-07-11,青椒味海鲈鱼,9.0
2025-07-11,青椒味黔鱼,12.0
2025-07-11,麻辣味江团,35.0
2025-07-11,麻辣味海鲈鱼,34.0
2025-07-11,麻辣味黔鱼,44.0
2025-07-12,掌中宝,89.0
2025-07-12,烤羊肉串,106.0
2025-07-12,老坛酸菜味江团,5.0
2025-07-12,老坛酸菜味海鲈鱼,5.0
2025-07-12,老坛酸菜味黔鱼,5.0
2025-07-12,蒜香味江团,9.0
2025-07-12,蒜香味海鲈鱼,9.0
2025-07-12,蒜香味黔鱼,20.0
2025-07-12,酸菜味江团,2.0
2025-07-12,酸菜味海鲈鱼,3.0
2025-07-12,酸菜味黔鱼,2.0
2025-07-12,青椒味江团,9.0
2025-07-12,青椒味海鲈鱼,10.0
2025-07-12,青椒味黔鱼,10.0
2025-07-12,麻辣味江团,28.0
2025-07-12,麻辣味海鲈鱼,28.0
2025-07-12,麻辣味黔鱼,28.0
2025-07-13,掌中宝,68.0
2025-07-13,烤羊肉串,123.0
2025-07-13,老坛酸菜味江团,6.0
2025-07-13,老坛酸菜味海鲈鱼,6.0
2025-07-13,老坛酸菜味黔鱼,6.0
2025-07-13,蒜香味江团,7.0
2025-07-13,蒜香味海鲈鱼,7.0
2025-07-13,蒜香味黔鱼,19.0
2025-07-13,酸菜味江团,1.0
2025-07-13,酸菜味海鲈鱼,1.0
2025-07-13,酸菜味黔鱼,1.0
2025-07-13,青椒味江团,13.0
2025-07-13,青椒味海鲈鱼,13.0
2025-07-13,青椒味黔鱼,13.0
2025-07-13,麻辣味江团,29.0
2025-07-13,麻辣味海鲈鱼,29.0
2025-07-13,麻辣味黔鱼,30.0
2025-07-14,掌中宝,58.0
2025-07-14,烤羊肉串,100.0
2025-07-14,老坛酸菜味江团,2.0
2025-07-14,老坛酸菜味海鲈鱼,2.0
2025-07-14,老坛酸菜味黔鱼,2.0
2025-07-14,蒜香味江团,7.0
2025-07-14,蒜香味海鲈鱼,6.0
2025-07-14,蒜香味黔鱼,11.0
2025-07-14,酸菜味江团,3.0
2025-07-14,酸菜味海鲈鱼,2.0
2025-07-14,酸菜味黔鱼,4.0
2025-07-14,青椒味江团,6.0
2025-07-14,青椒味海鲈鱼,6.0
2025-07-14,青椒味黔鱼,12.0
2025-07-14,麻辣味江团,24.0
2025-07-14,麻辣味海鲈鱼,24.0
2025-07-14,麻辣味黔鱼,48.0
2025-07-15,掌中宝,57.0
2025-07-15,烤羊肉串,89.0
2025-07-15,老坛酸菜味江团,2.0
2025-07-15,老坛酸菜味海鲈鱼,2.0
2025-07-15,老坛酸菜味黔鱼,2.0
2025-07-15,蒜香味江团,6.0
2025-07-15,蒜香味海鲈鱼,6.0
2025-07-15,蒜香味黔鱼,12.0
2025-07-15,酸菜味江团,3.0
2025-07-15,酸菜味海鲈鱼,3.0
2025-07-15,酸菜味黔鱼,4.0
2025-07-15,青椒味江团,4.0
2025-07-15,青椒味海鲈鱼,4.0
2025-07-15,青椒味黔鱼,7.0
2025-07-15,麻辣味江团,24.0
2025-07-15,麻辣味海鲈鱼,24.0
2025-07-15,麻辣味黔鱼,44.0
2025-07-16,掌中宝,52.0
2025-07-16,烤羊肉串,96.0
2025-07-16,老坛酸菜味江团,3.0
2025-07-16,老坛酸菜味海鲈鱼,3.0
2025-07-16,老坛酸菜味黔鱼,3.0
2025-07-16,蒜香味江团,5.0
2025-07-16,蒜香味海鲈鱼,5.0
2025-07-16,蒜香味黔鱼,12.0
2025-07-16,酸菜味江团,1.0
2025-07-16,酸菜味海鲈鱼,1.0
2025-07-16,酸菜味黔鱼,5.0
2025-07-16,青椒味江团,9.0
2025-07-16,青椒味海鲈鱼,9.0
2025-07-16,青椒味黔鱼,12.0
2025-07-16,麻辣味江团,24.0
2025-07-16,麻辣味海鲈鱼,24.0
2025-07-16,麻辣味黔鱼,40.0
2025-07-17,掌中宝,58.0
2025-07-17,烤羊肉串,54.0
2025-07-17,老坛酸菜味江团,2.0
2025-07-17,老坛酸菜味海鲈鱼,2.0
2025-07-17,老坛酸菜味黔鱼,2.0
2025-07-17,蒜香味江团,5.0
2025-07-17,蒜香味海鲈鱼,6.0
2025-07-17,蒜香味黔鱼,11.0
2025-07-17,酸菜味江团,3.0
2025-07-17,酸菜味海鲈鱼,3.0
2025-07-17,酸菜味黔鱼,5.0
2025-07-17,青椒味江团,9.0
2025-07-17,青椒味海鲈鱼,9.0
2025-07-17,青椒味黔鱼,12.0
2025-07-17,麻辣味江团,23.0
2025-07-17,麻辣味海鲈鱼,23.0
2025-07-17,麻辣味黔鱼,40.0
2025-07-18,掌中宝,97.0
2025-07-18,烤羊肉串,83.0
2025-07-18,老坛酸菜味江团,4.0
2025-07-18,老坛酸菜味海鲈鱼,4.0
2025-07-18,老坛酸菜味黔鱼,4.0
2025-07-18,蒜香味江团,9.0
2025-07-18,蒜香味海鲈鱼,9.0
2025-07-18,蒜香味黔鱼,19.0
2025-07-18,酸菜味江团,3.0
2025-07-18,酸菜味海鲈鱼,3.0
2025-07-18,酸菜味黔鱼,5.0
2025-07-18,青椒味江团,6.0
2025-07-18,青椒味海鲈鱼,6.0
2025-07-18,青椒味黔鱼,7.0
2025-07-18,麻辣味江团,30.0
2025-07-18,麻辣味海鲈鱼,30.0
2025-07-18,麻辣味黔鱼,36.0
2025-07-19,掌中宝,89.0
2025-07-19,烤羊肉串,113.0
2025-07-19,老坛酸菜味江团,2.0
2025-07-19,老坛酸菜味海鲈鱼,2.0
2025-07-19,老坛酸菜味黔鱼,2.0
2025-07-19,蒜香味江团,9.0
2025-07-19,蒜香味海鲈鱼,8.0
2025-07-19,蒜香味黔鱼,23.0
2025-07-19,酸菜味江团,2.0
2025-07-19,酸菜味海鲈鱼,1.0
2025-07-19,酸菜味黔鱼,1.0
2025-07-19,青椒味江团,10.0
2025-07-19,青椒味海鲈鱼,10.0
2025-07-19,青椒味黔鱼,10.0
2025-07-19,麻辣味江团,28.0
2025-07-19,麻辣味海鲈鱼,28.0
2025-07-19,麻辣味黔鱼,28.0
2025-07-20,掌中宝,85.0
2025-07-20,烤羊肉串,99.0
2025-07-20,老坛酸菜味江团,3.0
2025-07-20,老坛酸菜味海鲈鱼,3.0
2025-07-20,老坛酸菜味黔鱼,3.0
2025-07-20,蒜香味江团,9.0
2025-07-20,蒜香味海鲈鱼,9.0
2025-07-20,蒜香味黔鱼,29.0
2025-07-20,酸菜味江团,2.0
2025-07-20,酸菜味海鲈鱼,2.0
2025-07-20,酸菜味黔鱼,2.0
2025-07-20,青椒味江团,13.0
2025-07-20,青椒味海鲈鱼,14.0
2025-07-20,青椒味黔鱼,14.0
2025-07-20,麻辣味江团,20.0
2025-07-20,麻辣味海鲈鱼,21.0
2025-07-20,麻辣味黔鱼,21.0
2025-07-21,掌中宝,44.0
2025-07-21,烤羊肉串,88.0
2025-07-21,老坛酸菜味江团,2.0
2025-07-21,老坛酸菜味海鲈鱼,2.0
2025-07-21,老坛酸菜味黔鱼,2.0
2025-07-21,蒜香味江团,7.0
2025-07-21,蒜香味海鲈鱼,7.0
2025-07-21,蒜香味黔鱼,13.0
2025-07-21,酸菜味江团,1.0
2025-07-21,酸菜味海鲈鱼,1.0
2025-07-21,酸菜味黔鱼,2.0
2025-07-21,青椒味江团,6.0
2025-07-21,青椒味海鲈鱼,6.0
2025-07-21,青椒味黔鱼,6.0
2025-07-21,麻辣味江团,26.0
2025-07-21,麻辣味海鲈鱼,25.0
2025-07-21,麻辣味黔鱼,26.0
2025-07-22,掌中宝,46.0
2025-07-22,烤羊肉串,76.0
2025-07-22,老坛酸菜味江团,3.0
2025-07-22,老坛酸菜味海鲈鱼,3.0
2025-07-22,老坛酸菜味黔鱼,3.0
2025-07-22,蒜香味江团,5.0
2025-07-22,蒜香味海鲈鱼,5.0
2025-07-22,蒜香味黔鱼,15.0
2025-07-22,酸菜味江团,1.0
2025-07-22,酸菜味海鲈鱼,1.0
2025-07-22,酸菜味黔鱼,1.0
2025-07-22,青椒味江团,5.0
2025-07-22,青椒味海鲈鱼,5.0
2025-07-22,青椒味黔鱼,5.0
2025-07-22,麻辣味江团,22.0
2025-07-22,麻辣味海鲈鱼,22.0
2025-07-22,麻辣味黔鱼,23.0
2025-07-23,掌中宝,46.0
2025-07-23,烤羊肉串,71.0
2025-07-23,老坛酸菜味江团,2.0
2025-07-23,老坛酸菜味海鲈鱼,2.0
2025-07-23,老坛酸菜味黔鱼,2.0
2025-07-23,蒜香味江团,5.0
2025-07-23,蒜香味海鲈鱼,5.0
2025-07-23,蒜香味黔鱼,9.0
2025-07-23,酸菜味江团,1.0
2025-07-23,酸菜味海鲈鱼,1.0
2025-07-23,酸菜味黔鱼,1.0
2025-07-23,青椒味江团,6.0
2025-07-23,青椒味海鲈鱼,6.0
2025-07-23,青椒味黔鱼,6.0
2025-07-23,麻辣味江团,19.0
2025-07-23,麻辣味海鲈鱼,19.0
2025-07-23,麻辣味黔鱼,20.0
2025-07-24,掌中宝,40.0
2025-07-24,烤羊肉串,56.0
2025-07-24,老坛酸菜味江团,1.0
2025-07-24,老坛酸菜味海鲈鱼,1.0
2025-07-24,老坛酸菜味黔鱼,1.0
2025-07-24,蒜香味江团,5.0
2025-07-24,蒜香味海鲈鱼,5.0
2025-07-24,蒜香味黔鱼,9.0
2025-07-24,酸菜味江团,2.0
2025-07-24,酸菜味海鲈鱼,1.0
2025-07-24,酸菜味黔鱼,2.0
2025-07-24,青椒味江团,5.0
2025-07-24,青椒味海鲈鱼,5.0
2025-07-24,青椒味黔鱼,5.0
2025-07-24,麻辣味江团,22.0
2025-07-24,麻辣味海鲈鱼,22.0
2025-07-24,麻辣味黔鱼,23.0
2025-07-25,掌中宝,58.0
2025-07-25,烤羊肉串,95.0
2025-07-25,老坛酸菜味江团,4.0
2025-07-25,老坛酸菜味海鲈鱼,4.0
2025-07-25,老坛酸菜味黔鱼,4.0
2025-07-25,蒜香味江团,6.0
2025-07-25,蒜香味海鲈鱼,6.0
2025-07-25,蒜香味黔鱼,20.0
2025-07-25,酸菜味江团,2.0
2025-07-25,酸菜味海鲈鱼,2.0
2025-07-25,酸菜味黔鱼,2.0
2025-07-25,青椒味江团,8.0
2025-07-25,青椒味海鲈鱼,8.0
2025-07-25,青椒味黔鱼,8.0
2025-07-25,麻辣味江团,27.0
2025-07-25,麻辣味海鲈鱼,28.0
2025-07-25,麻辣味黔鱼,28.0
2025-07-26,掌中宝,97.0
2025-07-26,烤羊肉串,136.0
2025-07-26,老坛酸菜味江团,4.0
2025-07-26,老坛酸菜味海鲈鱼,4.0
2025-07-26,老坛酸菜味黔鱼,4.0
2025-07-26,蒜香味江团,10.0
2025-07-26,蒜香味海鲈鱼,11.0
2025-07-26,蒜香味黔鱼,26.0
2025-07-26,酸菜味江团,2.0
2025-07-26,酸菜味海鲈鱼,2.0
2025-07-26,酸菜味黔鱼,2.0
2025-07-26,青椒味江团,8.0
2025-07-26,青椒味海鲈鱼,8.0
2025-07-26,青椒味黔鱼,8.0
2025-07-26,麻辣味江团,27.0
2025-07-26,麻辣味海鲈鱼,27.0
2025-07-26,麻辣味黔鱼,27.0
2025-07-27,掌中宝,104.0
2025-07-27,烤羊肉串,143.0
2025-07-27,老坛酸菜味江团,5.0
2025-07-27,老坛酸菜味海鲈鱼,5.0
2025-07-27,老坛酸菜味黔鱼,5.0
2025-07-27,蒜香味江团,9.0
2025-07-27,蒜香味海鲈鱼,9.0
2025-07-27,蒜香味黔鱼,23.0
2025-07-27,酸菜味江团,4.0
2025-07-27,酸菜味海鲈鱼,4.0
2025-07-27,酸菜味黔鱼,4.0
2025-07-27,青椒味江团,10.0
2025-07-27,青椒味海鲈鱼,10.0
2025-07-27,青椒味黔鱼,10.0
2025-07-27,麻辣味江团,23.0
2025-07-27,麻辣味海鲈鱼,23.0
2025-07-27,麻辣味黔鱼,23.0
2025-07-28,掌中宝,38.0
2025-07-28,烤羊肉串,57.0
2025-07-28,老坛酸菜味江团,2.0
2025-07-28,老坛酸菜味海鲈鱼,2.0
2025-07-28,老坛酸菜味黔鱼,2.0
2025-07-28,蒜香味江团,4.0
2025-07-28,蒜香味海鲈鱼,4.0
2025-07-28,蒜香味黔鱼,12.0
2025-07-28,酸菜味江团,1.0
2025-07-28,酸菜味海鲈鱼,1.0
2025-07-28,酸菜味黔鱼,1.0
2025-07-28,青椒味江团,5.0
2025-07-28,青椒味海鲈鱼,5.0
2025-07-28,青椒味黔鱼,5.0
2025-07-28,麻辣味江团,22.0
2025-07-28,麻辣味海鲈鱼,22.0
2025-07-28,麻辣味黔鱼,22.0
2025-07-29,掌中宝,73.0
2025-07-29,烤羊肉串,49.0
2025-07-29,老坛酸菜味江团,2.0
2025-07-29,老坛酸菜味海鲈鱼,2.0
2025-07-29,老坛酸菜味黔鱼,2.0
2025-07-29,蒜香味江团,7.0
2025-07-29,蒜香味海鲈鱼,7.0
2025-07-29,蒜香味黔鱼,18.0
2025-07-29,酸菜味江团,1.0
2025-07-29,酸菜味海鲈鱼,1.0
2025-07-29,酸菜味黔鱼,1.0
2025-07-29,青椒味江团,7.0
2025-07-29,青椒味海鲈鱼,7.0
2025-07-29,青椒味黔鱼,7.0
2025-07-29,麻辣味江团,25.0
2025-07-29,麻辣味海鲈鱼,25.0
2025-07-29,麻辣味黔鱼,25.0
2025-07-30,掌中宝,54.0
2025-07-30,烤羊肉串,52.0
2025-07-30,老坛酸菜味江团,2.0
2025-07-30,老坛酸菜味海鲈鱼,2.0
2025-07-30,老坛酸菜味黔鱼,2.0
2025-07-30,蒜香味江团,4.0
2025-07-30,蒜香味海鲈鱼,3.0
2025-07-30,蒜香味黔鱼,10.0
2025-07-30,酸菜味江团,1.0
2025-07-30,酸菜味海鲈鱼,1.0
2025-07-30,酸菜味黔鱼,1.0
2025-07-30,青椒味江团,7.0
2025-07-30,青椒味海鲈鱼,7.0
2025-07-30,青椒味黔鱼,7.0
2025-07-30,麻辣味江团,20.0
2025-07-30,麻辣味海鲈鱼,20.0
2025-07-30,麻辣味黔鱼,20.0
2025-07-31,掌中宝,35.0
2025-07-31,烤羊肉串,56.0
2025-07-31,老坛酸菜味江团,3.0
2025-07-31,老坛酸菜味海鲈鱼,3.0
2025-07-31,老坛酸菜味黔鱼,3.0
2025-07-31,蒜香味江团,4.0
2025-07-31,蒜香味海鲈鱼,3.0
2025-07-31,蒜香味黔鱼,8.0
2025-07-31,酸菜味江团,2.0
2025-07-31,酸菜味海鲈鱼,2.0
2025-07-31,酸菜味黔鱼,2.0
2025-07-31,青椒味江团,6.0
2025-07-31,青椒味海鲈鱼,5.0
2025-07-31,青椒味黔鱼,5.0
2025-07-31,麻辣味江团,22.0
2025-07-31,麻辣味海鲈鱼,22.0
2025-07-31,麻辣味黔鱼,22.0
2025-08-01,掌中宝,41.0
2025-08-01,烤羊肉串,67.0
2025-08-01,老坛酸菜味江团,2.0
2025-08-01,老坛酸菜味海鲈鱼,2.0
2025-08-01,老坛酸菜味黔鱼,2.0
2025-08-01,蒜香味江团,5.0
2025-08-01,蒜香味海鲈鱼,5.0
2025-08-01,蒜香味黔鱼,10.0
2025-08-01,酸菜味江团,3.0
2025-08-01,酸菜味海鲈鱼,3.0
2025-08-01,酸菜味黔鱼,3.0
2025-08-01,青椒味江团,9.0
2025-08-01,青椒味海鲈鱼,9.0
2025-08-01,青椒味黔鱼,9.0
2025-08-01,麻辣味江团,21.0
2025-08-01,麻辣味海鲈鱼,21.0
2025-08-01,麻辣味黔鱼,21.0
2025-08-02,掌中宝,100.0
2025-08-02,烤羊肉串,156.0
2025-08-02,老坛酸菜味江团,4.0
2025-08-02,老坛酸菜味海鲈鱼,4.0
2025-08-02,老坛酸菜味黔鱼,4.0
2025-08-02,蒜香味江团,10.0
2025-08-02,蒜香味海鲈鱼,11.0
2025-08-02,蒜香味黔鱼,26.0
2025-08-02,酸菜味江团,1.0
2025-08-02,酸菜味海鲈鱼,2.0
2025-08-02,酸菜味黔鱼,3.0
2025-08-02,青椒味江团,7.0
2025-08-02,青椒味海鲈鱼,7.0
2025-08-02,青椒味黔鱼,8.0
2025-08-02,麻辣味江团,26.0
2025-08-02,麻辣味海鲈鱼,27.0
2025-08-02,麻辣味黔鱼,28.0
2025-08-03,掌中宝,84.0
2025-08-03,烤羊肉串,134.0
2025-08-03,老坛酸菜味江团,4.0
2025-08-03,老坛酸菜味海鲈鱼,4.0
2025-08-03,老坛酸菜味黔鱼,4.0
2025-08-03,蒜香味江团,11.0
2025-08-03,蒜香味海鲈鱼,11.0
2025-08-03,蒜香味黔鱼,31.0
2025-08-03,酸菜味江团,3.0
2025-08-03,酸菜味海鲈鱼,3.0
2025-08-03,酸菜味黔鱼,3.0
2025-08-03,青椒味江团,13.0
2025-08-03,青椒味海鲈鱼,13.0
2025-08-03,青椒味黔鱼,13.0
2025-08-03,麻辣味江团,22.0
2025-08-03,麻辣味海鲈鱼,22.0
2025-08-03,麻辣味黔鱼,22.0
2025-08-04,掌中宝,56.0
2025-08-04,烤羊肉串,35.0
2025-08-04,老坛酸菜味江团,2.0
2025-08-04,老坛酸菜味海鲈鱼,2.0
2025-08-04,老坛酸菜味黔鱼,2.0
2025-08-04,蒜香味江团,5.0
2025-08-04,蒜香味海鲈鱼,5.0
2025-08-04,蒜香味黔鱼,8.0
2025-08-04,酸菜味江团,2.0
2025-08-04,酸菜味海鲈鱼,3.0
2025-08-04,酸菜味黔鱼,3.0
2025-08-04,青椒味江团,5.0
2025-08-04,青椒味海鲈鱼,6.0
2025-08-04,青椒味黔鱼,6.0
2025-08-04,麻辣味江团,24.0
2025-08-04,麻辣味海鲈鱼,24.0
2025-08-04,麻辣味黔鱼,24.0
2025-08-05,掌中宝,22.0
2025-08-05,烤羊肉串,86.0
2025-08-05,老坛酸菜味江团,3.0
2025-08-05,老坛酸菜味海鲈鱼,3.0
2025-08-05,老坛酸菜味黔鱼,3.0
2025-08-05,蒜香味江团,6.0
2025-08-05,蒜香味海鲈鱼,7.0
2025-08-05,蒜香味黔鱼,16.0
2025-08-05,酸菜味江团,1.0
2025-08-05,酸菜味海鲈鱼,2.0
2025-08-05,酸菜味黔鱼,2.0
2025-08-05,青椒味江团,7.0
2025-08-05,青椒味海鲈鱼,8.0
2025-08-05,青椒味黔鱼,8.0
2025-08-05,麻辣味江团,20.0
2025-08-05,麻辣味海鲈鱼,21.0
2025-08-05,麻辣味黔鱼,21.0
2025-08-06,掌中宝,42.0
2025-08-06,烤羊肉串,92.0
2025-08-06,老坛酸菜味江团,2.0
2025-08-06,老坛酸菜味海鲈鱼,2.0
2025-08-06,老坛酸菜味黔鱼,2.0
2025-08-06,蒜香味江团,6.0
2025-08-06,蒜香味海鲈鱼,6.0
2025-08-06,蒜香味黔鱼,10.0
2025-08-06,酸菜味江团,2.0
2025-08-06,酸菜味海鲈鱼,3.0
2025-08-06,酸菜味黔鱼,3.0
2025-08-06,青椒味江团,6.0
2025-08-06,青椒味海鲈鱼,6.0
2025-08-06,青椒味黔鱼,6.0
2025-08-06,麻辣味江团,20.0
2025-08-06,麻辣味海鲈鱼,21.0
2025-08-06,麻辣味黔鱼,21.0
2025-08-07,掌中宝,42.0
2025-08-07,烤羊肉串,84.0
2025-08-07,老坛酸菜味江团,2.0
2025-08-07,老坛酸菜味海鲈鱼,2.0
2025-08-07,老坛酸菜味黔鱼,2.0
2025-08-07,蒜香味江团,5.0
2025-08-07,蒜香味海鲈鱼,5.0
2025-08-07,蒜香味黔鱼,11.0
2025-08-07,酸菜味江团,2.0
2025-08-07,酸菜味海鲈鱼,2.0
2025-08-07,酸菜味黔鱼,2.0
2025-08-07,青椒味江团,8.0
2025-08-07,青椒味海鲈鱼,7.0
2025-08-07,青椒味黔鱼,8.0
2025-08-07,麻辣味江团,24.0
2025-08-07,麻辣味海鲈鱼,24.0
2025-08-07,麻辣味黔鱼,25.0
2025-08-08,掌中宝,73.0
2025-08-08,烤羊肉串,75.0
2025-08-08,老坛酸菜味江团,4.0
2025-08-08,老坛酸菜味海鲈鱼,4.0
2025-08-08,老坛酸菜味黔鱼,4.0
2025-08-08,蒜香味江团,4.0
2025-08-08,蒜香味海鲈鱼,5.0
2025-08-08,蒜香味黔鱼,11.0
2025-08-08,酸菜味江团,1.0
2025-08-08,酸菜味海鲈鱼,2.0
2025-08-08,酸菜味黔鱼,2.0
2025-08-08,青椒味江团,9.0
2025-08-08,青椒味海鲈鱼,9.0
2025-08-08,青椒味黔鱼,9.0
2025-08-08,麻辣味江团,30.0
2025-08-08,麻辣味海鲈鱼,30.0
2025-08-08,麻辣味黔鱼,30.0
2025-08-09,掌中宝,71.0
2025-08-09,烤羊肉串,100.0
2025-08-09,老坛酸菜味江团,4.0
2025-08-09,老坛酸菜味海鲈鱼,4.0
2025-08-09,老坛酸菜味黔鱼,4.0
2025-08-09,蒜香味江团,9.0
2025-08-09,蒜香味海鲈鱼,8.0
2025-08-09,蒜香味黔鱼,21.0
2025-08-09,酸菜味江团,2.0
2025-08-09,酸菜味海鲈鱼,2.0
2025-08-09,酸菜味黔鱼,2.0
2025-08-09,青椒味江团,11.0
2025-08-09,青椒味海鲈鱼,10.0
2025-08-09,青椒味黔鱼,10.0
2025-08-09,麻辣味江团,27.0
2025-08-09,麻辣味海鲈鱼,27.0
2025-08-09,麻辣味黔鱼,27.0
2025-08-10,掌中宝,70.0
2025-08-10,烤羊肉串,105.0
2025-08-10,老坛酸菜味江团,3.0
2025-08-10,老坛酸菜味海鲈鱼,3.0
2025-08-10,老坛酸菜味黔鱼,3.0
2025-08-10,蒜香味江团,9.0
2025-08-10,蒜香味海鲈鱼,9.0
2025-08-10,蒜香味黔鱼,25.0
2025-08-10,酸菜味江团,1.0
2025-08-10,酸菜味海鲈鱼,1.0
2025-08-10,酸菜味黔鱼,1.0
2025-08-10,青椒味江团,10.0
2025-08-10,青椒味海鲈鱼,10.0
2025-08-10,青椒味黔鱼,10.0
2025-08-10,麻辣味江团,24.0
2025-08-10,麻辣味海鲈鱼,24.0
2025-08-10,麻辣味黔鱼,24.0
2025-08-11,掌中宝,34.0
2025-08-11,烤羊肉串,58.0
2025-08-11,老坛酸菜味江团,1.0
2025-08-11,老坛酸菜味海鲈鱼,1.0
2025-08-11,老坛酸菜味黔鱼,1.0
2025-08-11,蒜香味江团,7.0
2025-08-11,蒜香味海鲈鱼,8.0
2025-08-11,蒜香味黔鱼,14.0
2025-08-11,酸菜味江团,3.0
2025-08-11,酸菜味海鲈鱼,4.0
2025-08-11,酸菜味黔鱼,6.0
2025-08-11,青椒味江团,7.0
2025-08-11,青椒味海鲈鱼,8.0
2025-08-11,青椒味黔鱼,10.0
2025-08-11,麻辣味江团,20.0
2025-08-11,麻辣味海鲈鱼,21.0
2025-08-11,麻辣味黔鱼,24.0
2025-08-12,掌中宝,50.0
2025-08-12,烤羊肉串,71.0
2025-08-12,老坛酸菜味江团,1.0
2025-08-12,老坛酸菜味海鲈鱼,1.0
2025-08-12,老坛酸菜味黔鱼,1.0
2025-08-12,蒜香味江团,5.0
2025-08-12,蒜香味海鲈鱼,5.0
2025-08-12,蒜香味黔鱼,14.0
2025-08-12,酸菜味江团,2.0
2025-08-12,酸菜味海鲈鱼,2.0
2025-08-12,酸菜味黔鱼,2.0
2025-08-12,青椒味江团,4.0
2025-08-12,青椒味海鲈鱼,4.0
2025-08-12,青椒味黔鱼,5.0
2025-08-12,麻辣味江团,20.0
2025-08-12,麻辣味海鲈鱼,20.0
2025-08-12,麻辣味黔鱼,20.0
2025-08-13,掌中宝,64.0
2025-08-13,烤羊肉串,92.0
2025-08-13,老坛酸菜味江团,1.0
2025-08-13,老坛酸菜味海鲈鱼,1.0
2025-08-13,老坛酸菜味黔鱼,1.0
2025-08-13,蒜香味江团,6.0
2025-08-13,蒜香味海鲈鱼,6.0
2025-08-13,蒜香味黔鱼,13.0
2025-08-13,酸菜味江团,2.0
2025-08-13,酸菜味海鲈鱼,3.0
2025-08-13,酸菜味黔鱼,2.0
2025-08-13,青椒味江团,6.0
2025-08-13,青椒味海鲈鱼,7.0
2025-08-13,青椒味黔鱼,6.0
2025-08-13,麻辣味江团,26.0
2025-08-13,麻辣味海鲈鱼,27.0
2025-08-13,麻辣味黔鱼,26.0
2025-08-14,掌中宝,45.0
2025-08-14,烤羊肉串,50.0
2025-08-14,老坛酸菜味江团,2.0
2025-08-14,老坛酸菜味海鲈鱼,2.0
2025-08-14,老坛酸菜味黔鱼,2.0
2025-08-14,蒜香味江团,4.0
2025-08-14,蒜香味海鲈鱼,5.0
2025-08-14,蒜香味黔鱼,12.0
2025-08-14,酸菜味江团,1.0
2025-08-14,酸菜味海鲈鱼,1.0
2025-08-14,酸菜味黔鱼,1.0
2025-08-14,青椒味江团,8.0
2025-08-14,青椒味海鲈鱼,8.0
2025-08-14,青椒味黔鱼,8.0
2025-08-14,麻辣味江团,20.0
2025-08-14,麻辣味海鲈鱼,20.0
2025-08-14,麻辣味黔鱼,20.0
2025-08-15,掌中宝,110.0
2025-08-15,烤羊肉串,60.0
2025-08-15,老坛酸菜味江团,1.0
2025-08-15,老坛酸菜味海鲈鱼,1.0
2025-08-15,老坛酸菜味黔鱼,1.0
2025-08-15,蒜香味江团,8.0
2025-08-15,蒜香味海鲈鱼,8.0
2025-08-15,蒜香味黔鱼,17.0
2025-08-15,酸菜味江团,3.0
2025-08-15,酸菜味海鲈鱼,3.0
2025-08-15,酸菜味黔鱼,3.0
2025-08-15,青椒味江团,9.0
2025-08-15,青椒味海鲈鱼,9.0
2025-08-15,青椒味黔鱼,10.0
2025-08-15,麻辣味江团,23.0
2025-08-15,麻辣味海鲈鱼,23.0
2025-08-15,麻辣味黔鱼,24.0
2025-08-16,掌中宝,99.0
2025-08-16,烤羊肉串,111.0
2025-08-16,老坛酸菜味江团,4.0
2025-08-16,老坛酸菜味海鲈鱼,4.0
2025-08-16,老坛酸菜味黔鱼,4.0
2025-08-16,蒜香味江团,11.0
2025-08-16,蒜香味海鲈鱼,10.0
2025-08-16,蒜香味黔鱼,20.0
2025-08-16,酸菜味江团,2.0
2025-08-16,酸菜味海鲈鱼,1.0
2025-08-16,酸菜味黔鱼,1.0
2025-08-16,青椒味江团,11.0
2025-08-16,青椒味海鲈鱼,11.0
2025-08-16,青椒味黔鱼,10.0
2025-08-16,麻辣味江团,27.0
2025-08-16,麻辣味海鲈鱼,27.0
2025-08-16,麻辣味黔鱼,26.0
2025-08-17,掌中宝,58.0
2025-08-17,烤羊肉串,137.0
2025-08-17,老坛酸菜味江团,2.0
2025-08-17,老坛酸菜味海鲈鱼,2.0
2025-08-17,老坛酸菜味黔鱼,2.0
2025-08-17,蒜香味江团,11.0
2025-08-17,蒜香味海鲈鱼,10.0
2025-08-17,蒜香味黔鱼,23.0
2025-08-17,酸菜味江团,3.0
2025-08-17,酸菜味海鲈鱼,2.0
2025-08-17,酸菜味黔鱼,2.0
2025-08-17,青椒味江团,9.0
2025-08-17,青椒味海鲈鱼,8.0
2025-08-17,青椒味黔鱼,8.0
2025-08-17,麻辣味江团,24.0
2025-08-17,麻辣味海鲈鱼,23.0
2025-08-17,麻辣味黔鱼,23.0
2025-08-18,掌中宝,70.0
2025-08-18,烤羊肉串,105.0
2025-08-18,老坛酸菜味江团,2.0
2025-08-18,老坛酸菜味海鲈鱼,2.0
2025-08-18,老坛酸菜味黔鱼,2.0
2025-08-18,蒜香味江团,6.0
2025-08-18,蒜香味海鲈鱼,6.0
2025-08-18,蒜香味黔鱼,12.0
2025-08-18,酸菜味江团,2.0
2025-08-18,酸菜味海鲈鱼,2.0
2025-08-18,酸菜味黔鱼,1.0
2025-08-18,青椒味江团,7.0
2025-08-18,青椒味海鲈鱼,7.0
2025-08-18,青椒味黔鱼,7.0
2025-08-18,麻辣味江团,22.0
2025-08-18,麻辣味海鲈鱼,22.0
2025-08-18,麻辣味黔鱼,22.0
2025-08-19,掌中宝,48.0
2025-08-19,烤羊肉串,65.0
2025-08-19,老坛酸菜味江团,4.0
2025-08-19,老坛酸菜味海鲈鱼,4.0
2025-08-19,老坛酸菜味黔鱼,4.0
2025-08-19,蒜香味江团,5.0
2025-08-19,蒜香味海鲈鱼,6.0
2025-08-19,蒜香味黔鱼,13.0
2025-08-19,酸菜味江团,2.0
2025-08-19,酸菜味海鲈鱼,3.0
2025-08-19,酸菜味黔鱼,3.0
2025-08-19,青椒味江团,5.0
2025-08-19,青椒味海鲈鱼,5.0
2025-08-19,青椒味黔鱼,5.0
2025-08-19,麻辣味江团,26.0
2025-08-19,麻辣味海鲈鱼,27.0
2025-08-19,麻辣味黔鱼,27.0
2025-08-20,掌中宝,40.0
2025-08-20,烤羊肉串,63.0
2025-08-20,老坛酸菜味江团,2.0
2025-08-20,老坛酸菜味海鲈鱼,2.0
2025-08-20,老坛酸菜味黔鱼,2.0
2025-08-20,蒜香味江团,7.0
2025-08-20,蒜香味海鲈鱼,7.0
2025-08-20,蒜香味黔鱼,17.0
2025-08-20,酸菜味江团,2.0
2025-08-20,酸菜味海鲈鱼,3.0
2025-08-20,酸菜味黔鱼,2.0
2025-08-20,青椒味江团,5.0
2025-08-20,青椒味海鲈鱼,5.0
2025-08-20,青椒味黔鱼,5.0
2025-08-20,麻辣味江团,21.0
2025-08-20,麻辣味海鲈鱼,21.0
2025-08-20,麻辣味黔鱼,21.0
2025-08-21,掌中宝,32.0
2025-08-21,烤羊肉串,66.0
2025-08-21,老坛酸菜味江团,2.0
2025-08-21,老坛酸菜味海鲈鱼,2.0
2025-08-21,老坛酸菜味黔鱼,2.0
2025-08-21,蒜香味江团,4.0
2025-08-21,蒜香味海鲈鱼,4.0
2025-08-21,蒜香味黔鱼,7.0
2025-08-21,酸菜味江团,4.0
2025-08-21,酸菜味海鲈鱼,4.0
2025-08-21,酸菜味黔鱼,4.0
2025-08-21,青椒味江团,6.0
2025-08-21,青椒味海鲈鱼,6.0
2025-08-21,青椒味黔鱼,7.0
2025-08-21,麻辣味江团,23.0
2025-08-21,麻辣味海鲈鱼,23.0
2025-08-21,麻辣味黔鱼,23.0
2025-08-22,掌中宝,67.0
2025-08-22,烤羊肉串,99.0
2025-08-22,老坛酸菜味江团,2.0
2025-08-22,老坛酸菜味海鲈鱼,2.0
2025-08-22,老坛酸菜味黔鱼,2.0
2025-08-22,蒜香味江团,8.0
2025-08-22,蒜香味海鲈鱼,8.0
2025-08-22,蒜香味黔鱼,11.0
2025-08-22,酸菜味江团,1.0
2025-08-22,酸菜味海鲈鱼,1.0
2025-08-22,酸菜味黔鱼,2.0
2025-08-22,青椒味江团,6.0
2025-08-22,青椒味海鲈鱼,6.0
2025-08-22,青椒味黔鱼,7.0
2025-08-22,麻辣味江团,23.0
2025-08-22,麻辣味海鲈鱼,22.0
2025-08-22,麻辣味黔鱼,23.0
2025-08-23,掌中宝,47.0
2025-08-23,烤羊肉串,151.0
2025-08-23,老坛酸菜味江团,2.0
2025-08-23,老坛酸菜味海鲈鱼,2.0
2025-08-23,老坛酸菜味黔鱼,2.0
2025-08-23,蒜香味江团,10.0
2025-08-23,蒜香味海鲈鱼,10.0
2025-08-23,蒜香味黔鱼,29.0
2025-08-23,酸菜味江团,3.0
2025-08-23,酸菜味海鲈鱼,3.0
2025-08-23,酸菜味黔鱼,4.0
2025-08-23,青椒味江团,9.0
2025-08-23,青椒味海鲈鱼,9.0
2025-08-23,青椒味黔鱼,10.0
2025-08-23,麻辣味江团,25.0
2025-08-23,麻辣味海鲈鱼,25.0
2025-08-23,麻辣味黔鱼,26.0
2025-08-24,掌中宝,43.0
2025-08-24,烤羊肉串,73.0
2025-08-24,老坛酸菜味江团,5.0
2025-08-24,老坛酸菜味海鲈鱼,5.0
2025-08-24,老坛酸菜味黔鱼,5.0
2025-08-24,蒜香味江团,9.0
2025-08-24,蒜香味海鲈鱼,8.0
2025-08-24,蒜香味黔鱼,19.0
2025-08-24,酸菜味江团,2.0
2025-08-24,酸菜味海鲈鱼,2.0
2025-08-24,酸菜味黔鱼,3.0
2025-08-24,青椒味江团,10.0
2025-08-24,青椒味海鲈鱼,10.0
2025-08-24,青椒味黔鱼,11.0
2025-08-24,麻辣味江团,21.0
2025-08-24,麻辣味海鲈鱼,21.0
2025-08-24,麻辣味黔鱼,21.0
2025-08-25,掌中宝,44.0
2025-08-25,烤羊肉串,57.0
2025-08-25,老坛酸菜味江团,2.0
2025-08-25,老坛酸菜味海鲈鱼,2.0
2025-08-25,老坛酸菜味黔鱼,2.0
2025-08-25,蒜香味江团,5.0
2025-08-25,蒜香味海鲈鱼,5.0
2025-08-25,蒜香味黔鱼,10.0
2025-08-25,酸菜味江团,1.0
2025-08-25,酸菜味海鲈鱼,1.0
2025-08-25,酸菜味黔鱼,1.0
2025-08-25,青椒味江团,5.0
2025-08-25,青椒味海鲈鱼,5.0
2025-08-25,青椒味黔鱼,5.0
2025-08-25,麻辣味江团,15.0
2025-08-25,麻辣味海鲈鱼,15.0
2025-08-25,麻辣味黔鱼,15.0
2025-08-26,掌中宝,49.0
2025-08-26,烤羊肉串,91.0
2025-08-26,老坛酸菜味江团,1.0
2025-08-26,老坛酸菜味海鲈鱼,1.0
2025-08-26,老坛酸菜味黔鱼,1.0
2025-08-26,蒜香味江团,6.0
2025-08-26,蒜香味海鲈鱼,6.0
2025-08-26,蒜香味黔鱼,12.0
2025-08-26,酸菜味江团,2.0
2025-08-26,酸菜味海鲈鱼,2.0
2025-08-26,酸菜味黔鱼,3.0
2025-08-26,青椒味江团,6.0
2025-08-26,青椒味海鲈鱼,6.0
2025-08-26,青椒味黔鱼,6.0
2025-08-26,麻辣味江团,23.0
2025-08-26,麻辣味海鲈鱼,22.0
2025-08-26,麻辣味黔鱼,23.0
2025-08-27,掌中宝,44.0
2025-08-27,烤羊肉串,73.0
2025-08-27,老坛酸菜味江团,3.0
2025-08-27,老坛酸菜味海鲈鱼,3.0
2025-08-27,老坛酸菜味黔鱼,3.0
2025-08-27,蒜香味江团,5.0
2025-08-27,蒜香味海鲈鱼,4.0
2025-08-27,蒜香味黔鱼,8.0
2025-08-27,酸菜味江团,1.0
2025-08-27,酸菜味海鲈鱼,1.0
2025-08-27,酸菜味黔鱼,1.0
2025-08-27,青椒味江团,7.0
2025-08-27,青椒味海鲈鱼,6.0
2025-08-27,青椒味黔鱼,7.0
2025-08-27,麻辣味江团,16.0
2025-08-27,麻辣味海鲈鱼,16.0
2025-08-27,麻辣味黔鱼,16.0
2025-08-28,掌中宝,55.0
2025-08-28,烤羊肉串,86.0
2025-08-28,老坛酸菜味江团,3.0
2025-08-28,老坛酸菜味海鲈鱼,3.0
2025-08-28,老坛酸菜味黔鱼,3.0
2025-08-28,蒜香味江团,9.0
2025-08-28,蒜香味海鲈鱼,9.0
2025-08-28,蒜香味黔鱼,16.0
2025-08-28,酸菜味江团,1.0
2025-08-28,酸菜味海鲈鱼,1.0
2025-08-28,酸菜味黔鱼,1.0
2025-08-28,青椒味江团,7.0
2025-08-28,青椒味海鲈鱼,7.0
2025-08-28,青椒味黔鱼,7.0
2025-08-28,麻辣味江团,21.0
2025-08-28,麻辣味海鲈鱼,21.0
2025-08-28,麻辣味黔鱼,21.0
2025-08-29,掌中宝,95.0
2025-08-29,烤羊肉串,57.0
2025-08-29,老坛酸菜味江团,3.0
2025-08-29,老坛酸菜味海鲈鱼,3.0
2025-08-29,老坛酸菜味黔鱼,3.0
2025-08-29,蒜香味江团,11.0
2025-08-29,蒜香味海鲈鱼,11.0
2025-08-29,蒜香味黔鱼,31.0
2025-08-29,酸菜味江团,4.0
2025-08-29,酸菜味海鲈鱼,3.0
2025-08-29,酸菜味黔鱼,4.0
2025-08-29,青椒味江团,17.0
2025-08-29,青椒味海鲈鱼,16.0
2025-08-29,青椒味黔鱼,17.0
2025-08-29,麻辣味江团,36.0
2025-08-29,麻辣味海鲈鱼,36.0
2025-08-29,麻辣味黔鱼,36.0
2025-08-30,掌中宝,100.0
2025-08-30,烤羊肉串,130.0
2025-08-30,老坛酸菜味江团,4.0
2025-08-30,老坛酸菜味海鲈鱼,4.0
2025-08-30,老坛酸菜味黔鱼,4.0
2025-08-30,蒜香味江团,12.0
2025-08-30,蒜香味海鲈鱼,12.0
2025-08-30,蒜香味黔鱼,33.0
2025-08-30,酸菜味江团,2.0
2025-08-30,酸菜味海鲈鱼,2.0
2025-08-30,酸菜味黔鱼,3.0
2025-08-30,青椒味江团,13.0
2025-08-30,青椒味海鲈鱼,13.0
2025-08-30,青椒味黔鱼,13.0
2025-08-30,麻辣味江团,32.0
2025-08-30,麻辣味海鲈鱼,32.0
2025-08-30,麻辣味黔鱼,34.0
2025-08-31,掌中宝,54.0
2025-08-31,烤羊肉串,121.0
2025-08-31,老坛酸菜味江团,2.0
2025-08-31,老坛酸菜味海鲈鱼,2.0
2025-08-31,老坛酸菜味黔鱼,2.0
2025-08-31,蒜香味江团,10.0
2025-08-31,蒜香味海鲈鱼,10.0
2025-08-31,蒜香味黔鱼,27.0
2025-08-31,酸菜味江团,1.0
2025-08-31,酸菜味海鲈鱼,2.0
2025-08-31,酸菜味黔鱼,2.0
2025-08-31,青椒味江团,6.0
2025-08-31,青椒味海鲈鱼,6.0
2025-08-31,青椒味黔鱼,7.0
2025-08-31,麻辣味江团,23.0
2025-08-31,麻辣味海鲈鱼,23.0
2025-08-31,麻辣味黔鱼,24.0
2025-09-01,掌中宝,68.0
2025-09-01,烤羊肉串,66.0
2025-09-01,老坛酸菜味江团,1.0
2025-09-01,老坛酸菜味海鲈鱼,1.0
2025-09-01,老坛酸菜味黔鱼,1.0
2025-09-01,蒜香味江团,4.0
2025-09-01,蒜香味海鲈鱼,5.0
2025-09-01,蒜香味黔鱼,9.0
2025-09-01,酸菜味江团,2.0
2025-09-01,酸菜味海鲈鱼,2.0
2025-09-01,酸菜味黔鱼,2.0
2025-09-01,青椒味江团,5.0
2025-09-01,青椒味海鲈鱼,6.0
2025-09-01,青椒味黔鱼,5.0
2025-09-01,麻辣味江团,22.0
2025-09-01,麻辣味海鲈鱼,23.0
2025-09-01,麻辣味黔鱼,22.0
2025-09-02,掌中宝,14.0
2025-09-02,烤羊肉串,34.0
2025-09-02,老坛酸菜味江团,3.0
2025-09-02,老坛酸菜味海鲈鱼,3.0
2025-09-02,老坛酸菜味黔鱼,3.0
2025-09-02,蒜香味江团,3.0
2025-09-02,蒜香味海鲈鱼,3.0
2025-09-02,蒜香味黔鱼,5.0
2025-09-02,酸菜味江团,2.0
2025-09-02,酸菜味海鲈鱼,2.0
2025-09-02,酸菜味黔鱼,2.0
2025-09-02,青椒味江团,5.0
2025-09-02,青椒味海鲈鱼,5.0
2025-09-02,青椒味黔鱼,5.0
2025-09-02,麻辣味江团,18.0
2025-09-02,麻辣味海鲈鱼,18.0
2025-09-02,麻辣味黔鱼,18.0
2025-09-03,掌中宝,13.0
2025-09-03,烤羊肉串,60.0
2025-09-03,老坛酸菜味江团,1.0
2025-09-03,老坛酸菜味海鲈鱼,1.0
2025-09-03,老坛酸菜味黔鱼,1.0
2025-09-03,蒜香味江团,3.0
2025-09-03,蒜香味海鲈鱼,3.0
2025-09-03,蒜香味黔鱼,11.0
2025-09-03,酸菜味江团,1.0
2025-09-03,酸菜味海鲈鱼,1.0
2025-09-03,酸菜味黔鱼,1.0
2025-09-03,青椒味江团,3.0
2025-09-03,青椒味海鲈鱼,3.0
2025-09-03,青椒味黔鱼,3.0
2025-09-03,麻辣味江团,13.0
2025-09-03,麻辣味海鲈鱼,13.0
2025-09-03,麻辣味黔鱼,13.0
2025-09-04,掌中宝,18.0
2025-09-04,烤羊肉串,28.0
2025-09-04,老坛酸菜味江团,1.0
2025-09-04,老坛酸菜味海鲈鱼,1.0
2025-09-04,老坛酸菜味黔鱼,1.0
2025-09-04,蒜香味江团,4.0
2025-09-04,蒜香味海鲈鱼,4.0
2025-09-04,蒜香味黔鱼,8.0
2025-09-04,酸菜味江团,2.0
2025-09-04,酸菜味海鲈鱼,2.0
2025-09-04,酸菜味黔鱼,2.0
2025-09-04,青椒味江团,3.0
2025-09-04,青椒味海鲈鱼,3.0
2025-09-04,青椒味黔鱼,4.0
2025-09-04,麻辣味江团,16.0
2025-09-04,麻辣味海鲈鱼,16.0
2025-09-04,麻辣味黔鱼,17.0
2025-09-05,掌中宝,63.0
2025-09-05,烤羊肉串,97.0
2025-09-05,老坛酸菜味江团,1.0
2025-09-05,老坛酸菜味海鲈鱼,1.0
2025-09-05,老坛酸菜味黔鱼,1.0
2025-09-05,蒜香味江团,7.0
2025-09-05,蒜香味海鲈鱼,7.0
2025-09-05,蒜香味黔鱼,16.0
2025-09-05,酸菜味江团,1.0
2025-09-05,酸菜味海鲈鱼,1.0
2025-09-05,酸菜味黔鱼,1.0
2025-09-05,青椒味江团,9.0
2025-09-05,青椒味海鲈鱼,9.0
2025-09-05,青椒味黔鱼,10.0
2025-09-05,麻辣味江团,26.0
2025-09-05,麻辣味海鲈鱼,26.0
2025-09-05,麻辣味黔鱼,27.0
2025-09-06,掌中宝,69.0
2025-09-06,烤羊肉串,113.0
2025-09-06,老坛酸菜味江团,3.0
2025-09-06,老坛酸菜味海鲈鱼,3.0
2025-09-06,老坛酸菜味黔鱼,3.0
2025-09-06,蒜香味江团,11.0
2025-09-06,蒜香味海鲈鱼,11.0
2025-09-06,蒜香味黔鱼,18.0
2025-09-06,酸菜味江团,1.0
2025-09-06,酸菜味海鲈鱼,1.0
2025-09-06,酸菜味黔鱼,1.0
2025-09-06,青椒味江团,11.0
2025-09-06,青椒味海鲈鱼,11.0
2025-09-06,青椒味黔鱼,11.0
2025-09-06,麻辣味江团,22.0
2025-09-06,麻辣味海鲈鱼,22.0
2025-09-06,麻辣味黔鱼,22.0
2025-09-07,掌中宝,47.0
2025-09-07,烤羊肉串,103.0
2025-09-07,老坛酸菜味江团,3.0
2025-09-07,老坛酸菜味海鲈鱼,3.0
2025-09-07,老坛酸菜味黔鱼,3.0
2025-09-07,蒜香味江团,10.0
2025-09-07,蒜香味海鲈鱼,10.0
2025-09-07,蒜香味黔鱼,22.0
2025-09-07,酸菜味江团,3.0
2025-09-07,酸菜味海鲈鱼,3.0
2025-09-07,酸菜味黔鱼,3.0
2025-09-07,青椒味江团,11.0
2025-09-07,青椒味海鲈鱼,11.0
2025-09-07,青椒味黔鱼,12.0
2025-09-07,麻辣味江团,28.0
2025-09-07,麻辣味海鲈鱼,28.0
2025-09-07,麻辣味黔鱼,29.0
2025-09-08,掌中宝,33.0
2025-09-08,烤羊肉串,36.0
2025-09-08,老坛酸菜味江团,2.0
2025-09-08,老坛酸菜味海鲈鱼,2.0
2025-09-08,老坛酸菜味黔鱼,2.0
2025-09-08,蒜香味江团,4.0
2025-09-08,蒜香味海鲈鱼,4.0
2025-09-08,蒜香味黔鱼,6.0
2025-09-08,酸菜味江团,1.0
2025-09-08,酸菜味海鲈鱼,1.0
2025-09-08,酸菜味黔鱼,1.0
2025-09-08,青椒味江团,3.0
2025-09-08,青椒味海鲈鱼,3.0
2025-09-08,青椒味黔鱼,3.0
2025-09-08,麻辣味江团,17.0
2025-09-08,麻辣味海鲈鱼,17.0
2025-09-08,麻辣味黔鱼,17.0
2025-09-09,掌中宝,18.0
2025-09-09,烤羊肉串,35.0
2025-09-09,老坛酸菜味江团,2.0
2025-09-09,老坛酸菜味海鲈鱼,2.0
2025-09-09,老坛酸菜味黔鱼,2.0
2025-09-09,蒜香味江团,4.0
2025-09-09,蒜香味海鲈鱼,5.0
2025-09-09,蒜香味黔鱼,9.0
2025-09-09,酸菜味江团,1.0
2025-09-09,酸菜味海鲈鱼,2.0
2025-09-09,酸菜味黔鱼,2.0
2025-09-09,青椒味江团,5.0
2025-09-09,青椒味海鲈鱼,5.0
2025-09-09,青椒味黔鱼,5.0
2025-09-09,麻辣味江团,16.0
2025-09-09,麻辣味海鲈鱼,16.0
2025-09-09,麻辣味黔鱼,16.0
2025-09-10,掌中宝,40.0
2025-09-10,烤羊肉串,61.0
2025-09-10,老坛酸菜味江团,3.0
2025-09-10,老坛酸菜味海鲈鱼,3.0
2025-09-10,老坛酸菜味黔鱼,3.0
2025-09-10,蒜香味江团,6.0
2025-09-10,蒜香味海鲈鱼,6.0
2025-09-10,蒜香味黔鱼,13.0
2025-09-10,酸菜味江团,2.0
2025-09-10,酸菜味海鲈鱼,2.0
2025-09-10,酸菜味黔鱼,2.0
2025-09-10,青椒味江团,5.0
2025-09-10,青椒味海鲈鱼,5.0
2025-09-10,青椒味黔鱼,5.0
2025-09-10,麻辣味江团,15.0
2025-09-10,麻辣味海鲈鱼,15.0
2025-09-10,麻辣味黔鱼,16.0
2025-09-11,掌中宝,32.0
2025-09-11,烤羊肉串,45.0
2025-09-11,老坛酸菜味江团,2.0
2025-09-11,老坛酸菜味海鲈鱼,2.0
2025-09-11,老坛酸菜味黔鱼,2.0
2025-09-11,蒜香味江团,3.0
2025-09-11,蒜香味海鲈鱼,3.0
2025-09-11,蒜香味黔鱼,7.0
2025-09-11,酸菜味江团,1.0
2025-09-11,酸菜味海鲈鱼,1.0
2025-09-11,酸菜味黔鱼,1.0
2025-09-11,青椒味江团,5.0
2025-09-11,青椒味海鲈鱼,5.0
2025-09-11,青椒味黔鱼,5.0
2025-09-11,麻辣味江团,15.0
2025-09-11,麻辣味海鲈鱼,15.0
2025-09-11,麻辣味黔鱼,16.0
2025-09-12,掌中宝,38.0
2025-09-12,烤羊肉串,92.0
2025-09-12,老坛酸菜味江团,2.0
2025-09-12,老坛酸菜味海鲈鱼,2.0
2025-09-12,老坛酸菜味黔鱼,2.0
2025-09-12,蒜香味江团,5.0
2025-09-12,蒜香味海鲈鱼,5.0
2025-09-12,蒜香味黔鱼,13.0
2025-09-12,酸菜味江团,1.0
2025-09-12,酸菜味海鲈鱼,1.0
2025-09-12,酸菜味黔鱼,2.0
2025-09-12,青椒味江团,5.0
2025-09-12,青椒味海鲈鱼,5.0
2025-09-12,青椒味黔鱼,5.0
2025-09-12,麻辣味江团,19.0
2025-09-12,麻辣味海鲈鱼,19.0
2025-09-12,麻辣味黔鱼,19.0
2025-09-13,掌中宝,56.0
2025-09-13,烤羊肉串,134.0
2025-09-13,老坛酸菜味江团,2.0
2025-09-13,老坛酸菜味海鲈鱼,2.0
2025-09-13,老坛酸菜味黔鱼,2.0
2025-09-13,蒜香味江团,8.0
2025-09-13,蒜香味海鲈鱼,8.0
2025-09-13,蒜香味黔鱼,29.0
2025-09-13,酸菜味江团,3.0
2025-09-13,酸菜味海鲈鱼,3.0
2025-09-13,酸菜味黔鱼,3.0
2025-09-13,青椒味江团,9.0
2025-09-13,青椒味海鲈鱼,9.0
2025-09-13,青椒味黔鱼,9.0
2025-09-13,麻辣味江团,21.0
2025-09-13,麻辣味海鲈鱼,21.0
2025-09-13,麻辣味黔鱼,21.0
2025-09-14,掌中宝,66.0
2025-09-14,烤羊肉串,100.0
2025-09-14,老坛酸菜味江团,3.0
2025-09-14,老坛酸菜味海鲈鱼,3.0
2025-09-14,老坛酸菜味黔鱼,3.0
2025-09-14,蒜香味江团,7.0
2025-09-14,蒜香味海鲈鱼,6.0
2025-09-14,蒜香味黔鱼,25.0
2025-09-14,酸菜味江团,2.0
2025-09-14,酸菜味海鲈鱼,1.0
2025-09-14,酸菜味黔鱼,2.0
2025-09-14,青椒味江团,9.0
2025-09-14,青椒味海鲈鱼,8.0
2025-09-14,青椒味黔鱼,9.0
2025-09-14,麻辣味江团,24.0
2025-09-14,麻辣味海鲈鱼,23.0
2025-09-14,麻辣味黔鱼,23.0
2025-09-15,掌中宝,77.0
2025-09-15,烤羊肉串,51.0
2025-09-15,老坛酸菜味江团,2.0
2025-09-15,老坛酸菜味海鲈鱼,2.0
2025-09-15,老坛酸菜味黔鱼,2.0
2025-09-15,蒜香味江团,5.0
2025-09-15,蒜香味海鲈鱼,5.0
2025-09-15,蒜香味黔鱼,8.0
2025-09-15,酸菜味江团,1.0
2025-09-15,酸菜味海鲈鱼,1.0
2025-09-15,酸菜味黔鱼,1.0
2025-09-15,青椒味江团,5.0
2025-09-15,青椒味海鲈鱼,5.0
2025-09-15,青椒味黔鱼,5.0
2025-09-15,麻辣味江团,12.0
2025-09-15,麻辣味海鲈鱼,12.0
2025-09-15,麻辣味黔鱼,12.0
2025-09-16,掌中宝,19.0
2025-09-16,烤羊肉串,58.0
2025-09-16,老坛酸菜味江团,1.0
2025-09-16,老坛酸菜味海鲈鱼,1.0
2025-09-16,老坛酸菜味黔鱼,1.0
2025-09-16,蒜香味江团,4.0
2025-09-16,蒜香味海鲈鱼,4.0
2025-09-16,蒜香味黔鱼,7.0
2025-09-16,酸菜味江团,2.0
2025-09-16,酸菜味海鲈鱼,3.0
2025-09-16,酸菜味黔鱼,2.0
2025-09-16,青椒味江团,4.0
2025-09-16,青椒味海鲈鱼,4.0
2025-09-16,青椒味黔鱼,4.0
2025-09-16,麻辣味江团,13.0
2025-09-16,麻辣味海鲈鱼,13.0
2025-09-16,麻辣味黔鱼,13.0
2025-09-17,掌中宝,11.0
2025-09-17,烤羊肉串,50.0
2025-09-17,老坛酸菜味江团,2.0
2025-09-17,老坛酸菜味海鲈鱼,2.0
2025-09-17,老坛酸菜味黔鱼,2.0
2025-09-17,蒜香味江团,3.0
2025-09-17,蒜香味海鲈鱼,3.0
2025-09-17,蒜香味黔鱼,7.0
2025-09-17,酸菜味江团,2.0
2025-09-17,酸菜味海鲈鱼,2.0
2025-09-17,酸菜味黔鱼,2.0
2025-09-17,青椒味江团,4.0
2025-09-17,青椒味海鲈鱼,4.0
2025-09-17,青椒味黔鱼,5.0
2025-09-17,麻辣味江团,10.0
2025-09-17,麻辣味海鲈鱼,10.0
2025-09-17,麻辣味黔鱼,11.0
2025-09-18,掌中宝,19.0
2025-09-18,烤羊肉串,46.0
2025-09-18,老坛酸菜味江团,1.0
2025-09-18,老坛酸菜味海鲈鱼,1.0
2025-09-18,老坛酸菜味黔鱼,1.0
2025-09-18,蒜香味江团,3.0
2025-09-18,蒜香味海鲈鱼,3.0
2025-09-18,蒜香味黔鱼,6.0
2025-09-18,酸菜味黔鱼,1.0
2025-09-18,青椒味江团,4.0
2025-09-18,青椒味海鲈鱼,4.0
2025-09-18,青椒味黔鱼,5.0
2025-09-18,麻辣味江团,12.0
2025-09-18,麻辣味海鲈鱼,12.0
2025-09-18,麻辣味黔鱼,13.0
2025-09-19,掌中宝,37.0
2025-09-19,烤羊肉串,65.0
2025-09-19,老坛酸菜味江团,3.0
2025-09-19,老坛酸菜味海鲈鱼,3.0
2025-09-19,老坛酸菜味黔鱼,3.0
2025-09-19,蒜香味江团,5.0
2025-09-19,蒜香味海鲈鱼,4.0
2025-09-19,蒜香味黔鱼,8.0
2025-09-19,酸菜味江团,2.0
2025-09-19,酸菜味海鲈鱼,1.0
2025-09-19,酸菜味黔鱼,2.0
2025-09-19,青椒味江团,5.0
2025-09-19,青椒味海鲈鱼,5.0
2025-09-19,青椒味黔鱼,6.0
2025-09-19,麻辣味江团,22.0
2025-09-19,麻辣味海鲈鱼,21.0
2025-09-19,麻辣味黔鱼,22.0
2025-09-20,掌中宝,33.0
2025-09-20,烤羊肉串,111.0
2025-09-20,老坛酸菜味江团,2.0
2025-09-20,老坛酸菜味海鲈鱼,2.0
2025-09-20,老坛酸菜味黔鱼,2.0
2025-09-20,蒜香味江团,9.0
2025-09-20,蒜香味海鲈鱼,9.0
2025-09-20,蒜香味黔鱼,23.0
2025-09-20,酸菜味江团,3.0
2025-09-20,酸菜味海鲈鱼,3.0
2025-09-20,酸菜味黔鱼,3.0
2025-09-20,青椒味江团,9.0
2025-09-20,青椒味海鲈鱼,9.0
2025-09-20,青椒味黔鱼,9.0
2025-09-20,麻辣味江团,18.0
2025-09-20,麻辣味海鲈鱼,18.0
2025-09-20,麻辣味黔鱼,18.0
2025-09-21,掌中宝,45.0
2025-09-21,烤羊肉串,82.0
2025-09-21,老坛酸菜味江团,3.0
2025-09-21,老坛酸菜味海鲈鱼,3.0
2025-09-21,老坛酸菜味黔鱼,3.0
2025-09-21,蒜香味江团,10.0
2025-09-21,蒜香味海鲈鱼,11.0
2025-09-21,蒜香味黔鱼,14.0
2025-09-21,酸菜味江团,2.0
2025-09-21,酸菜味海鲈鱼,3.0
2025-09-21,酸菜味黔鱼,3.0
2025-09-21,青椒味江团,7.0
2025-09-21,青椒味海鲈鱼,7.0
2025-09-21,青椒味黔鱼,8.0
2025-09-21,麻辣味江团,16.0
2025-09-21,麻辣味海鲈鱼,16.0
2025-09-21,麻辣味黔鱼,17.0
2025-09-22,掌中宝,30.0
2025-09-22,烤羊肉串,5.0
2025-09-22,蒜香味江团,3.0
2025-09-22,蒜香味海鲈鱼,3.0
2025-09-22,蒜香味黔鱼,7.0
2025-09-22,酸菜味江团,2.0
2025-09-22,酸菜味海鲈鱼,2.0
2025-09-22,酸菜味黔鱼,2.0
2025-09-22,青椒味江团,5.0
2025-09-22,青椒味海鲈鱼,5.0
2025-09-22,青椒味黔鱼,5.0
2025-09-22,麻辣味江团,10.0
2025-09-22,麻辣味海鲈鱼,10.0
2025-09-22,麻辣味黔鱼,10.0
2025-09-23,掌中宝,22.0
2025-09-23,烤羊肉串,38.0
2025-09-23,老坛酸菜味江团,2.0
2025-09-23,老坛酸菜味海鲈鱼,2.0
2025-09-23,老坛酸菜味黔鱼,2.0
2025-09-23,蒜香味江团,3.0
2025-09-23,蒜香味海鲈鱼,3.0
2025-09-23,蒜香味黔鱼,8.0
2025-09-23,酸菜味江团,1.0
2025-09-23,酸菜味海鲈鱼,1.0
2025-09-23,酸菜味黔鱼,1.0
2025-09-23,青椒味江团,3.0
2025-09-23,青椒味海鲈鱼,3.0
2025-09-23,青椒味黔鱼,3.0
2025-09-23,麻辣味江团,12.0
2025-09-23,麻辣味海鲈鱼,12.0
2025-09-23,麻辣味黔鱼,12.0
2025-09-24,掌中宝,30.0
2025-09-24,烤羊肉串,56.0
2025-09-24,老坛酸菜味江团,2.0
2025-09-24,老坛酸菜味海鲈鱼,2.0
2025-09-24,老坛酸菜味黔鱼,2.0
2025-09-24,蒜香味江团,2.0
2025-09-24,蒜香味海鲈鱼,2.0
2025-09-24,蒜香味黔鱼,7.0
2025-09-24,酸菜味江团,1.0
2025-09-24,酸菜味海鲈鱼,1.0
2025-09-24,酸菜味黔鱼,1.0
2025-09-24,青椒味江团,3.0
2025-09-24,青椒味海鲈鱼,3.0
2025-09-24,青椒味黔鱼,4.0
2025-09-24,麻辣味江团,12.0
2025-09-24,麻辣味海鲈鱼,12.0
2025-09-24,麻辣味黔鱼,12.0
2025-09-25,掌中宝,21.0
2025-09-25,烤羊肉串,62.0
2025-09-25,老坛酸菜味江团,1.0
2025-09-25,老坛酸菜味海鲈鱼,1.0
2025-09-25,老坛酸菜味黔鱼,1.0
2025-09-25,蒜香味江团,5.0
2025-09-25,蒜香味海鲈鱼,5.0
2025-09-25,蒜香味黔鱼,7.0
2025-09-25,酸菜味江团,1.0
2025-09-25,酸菜味海鲈鱼,1.0
2025-09-25,酸菜味黔鱼,2.0
2025-09-25,青椒味江团,4.0
2025-09-25,青椒味海鲈鱼,4.0
2025-09-25,青椒味黔鱼,4.0
2025-09-25,麻辣味江团,14.0
2025-09-25,麻辣味海鲈鱼,14.0
2025-09-25,麻辣味黔鱼,14.0
2025-09-26,掌中宝,43.0
2025-09-26,烤羊肉串,57.0
2025-09-26,老坛酸菜味江团,2.0
2025-09-26,老坛酸菜味海鲈鱼,2.0
2025-09-26,老坛酸菜味黔鱼,2.0
2025-09-26,蒜香味江团,4.0
2025-09-26,蒜香味海鲈鱼,4.0
2025-09-26,蒜香味黔鱼,9.0
2025-09-26,酸菜味江团,2.0
2025-09-26,酸菜味海鲈鱼,2.0
2025-09-26,酸菜味黔鱼,2.0
2025-09-26,青椒味江团,8.0
2025-09-26,青椒味海鲈鱼,8.0
2025-09-26,青椒味黔鱼,9.0
2025-09-26,麻辣味江团,22.0
2025-09-26,麻辣味海鲈鱼,22.0
2025-09-26,麻辣味黔鱼,22.0
2025-09-27,掌中宝,106.0
2025-09-27,烤羊肉串,103.0
2025-09-27,老坛酸菜味江团,3.0
2025-09-27,老坛酸菜味海鲈鱼,3.0
2025-09-27,老坛酸菜味黔鱼,3.0
2025-09-27,蒜香味江团,11.0
2025-09-27,蒜香味海鲈鱼,11.0
2025-09-27,蒜香味黔鱼,27.0
2025-09-27,酸菜味江团,1.0
2025-09-27,酸菜味海鲈鱼,1.0
2025-09-27,酸菜味黔鱼,2.0
2025-09-27,青椒味江团,9.0
2025-09-27,青椒味海鲈鱼,9.0
2025-09-27,青椒味黔鱼,10.0
2025-09-27,麻辣味江团,20.0
2025-09-27,麻辣味海鲈鱼,20.0
2025-09-27,麻辣味黔鱼,21.0
2025-09-28,掌中宝,17.0
2025-09-28,烤羊肉串,31.0
2025-09-28,老坛酸菜味江团,3.0
2025-09-28,老坛酸菜味海鲈鱼,3.0
2025-09-28,老坛酸菜味黔鱼,3.0
2025-09-28,蒜香味江团,3.0
2025-09-28,蒜香味海鲈鱼,3.0
2025-09-28,蒜香味黔鱼,8.0
2025-09-28,酸菜味江团,1.0
2025-09-28,酸菜味海鲈鱼,1.0
2025-09-28,酸菜味黔鱼,1.0
2025-09-28,青椒味江团,3.0
2025-09-28,青椒味海鲈鱼,3.0
2025-09-28,青椒味黔鱼,3.0
2025-09-28,麻辣味江团,14.0
2025-09-28,麻辣味海鲈鱼,14.0
2025-09-28,麻辣味黔鱼,14.0
2025-09-29,掌中宝,39.0
2025-09-29,烤羊肉串,30.0
2025-09-29,老坛酸菜味江团,1.0
2025-09-29,老坛酸菜味海鲈鱼,1.0
2025-09-29,老坛酸菜味黔鱼,1.0
2025-09-29,蒜香味江团,6.0
2025-09-29,蒜香味海鲈鱼,6.0
2025-09-29,蒜香味黔鱼,11.0
2025-09-29,酸菜味江团,1.0
2025-09-29,酸菜味海鲈鱼,1.0
2025-09-29,酸菜味黔鱼,2.0
2025-09-29,青椒味江团,5.0
2025-09-29,青椒味海鲈鱼,5.0
2025-09-29,青椒味黔鱼,5.0
2025-09-29,麻辣味江团,14.0
2025-09-29,麻辣味海鲈鱼,14.0
2025-09-29,麻辣味黔鱼,14.0
2025-09-30,掌中宝,63.0
2025-09-30,烤羊肉串,89.0
2025-09-30,老坛酸菜味江团,3.0
2025-09-30,老坛酸菜味海鲈鱼,3.0
2025-09-30,老坛酸菜味黔鱼,3.0
2025-09-30,蒜香味江团,6.0
2025-09-30,蒜香味海鲈鱼,6.0
2025-09-30,蒜香味黔鱼,15.0
2025-09-30,酸菜味江团,2.0
2025-09-30,酸菜味海鲈鱼,2.0
2025-09-30,酸菜味黔鱼,2.0
2025-09-30,青椒味江团,7.0
2025-09-30,青椒味海鲈鱼,7.0
2025-09-30,青椒味黔鱼,7.0
2025-09-30,麻辣味江团,23.0
2025-09-30,麻辣味海鲈鱼,23.0
2025-09-30,麻辣味黔鱼,23.0
2025-10-01,掌中宝,71.0
2025-10-01,烤羊肉串,121.0
2025-10-01,老坛酸菜味江团,5.0
2025-10-01,老坛酸菜味海鲈鱼,5.0
2025-10-01,老坛酸菜味黔鱼,5.0
2025-10-01,蒜香味江团,8.0
2025-10-01,蒜香味海鲈鱼,8.0
2025-10-01,蒜香味黔鱼,25.0
2025-10-01,酸菜味江团,2.0
2025-10-01,酸菜味海鲈鱼,2.0
2025-10-01,酸菜味黔鱼,2.0
2025-10-01,青椒味江团,10.0
2025-10-01,青椒味海鲈鱼,10.0
2025-10-01,青椒味黔鱼,10.0
2025-10-01,麻辣味江团,21.0
2025-10-01,麻辣味海鲈鱼,21.0
2025-10-01,麻辣味黔鱼,21.0
2025-10-02,掌中宝,56.0
2025-10-02,烤羊肉串,90.0
2025-10-02,老坛酸菜味江团,4.0
2025-10-02,老坛酸菜味海鲈鱼,4.0
2025-10-02,老坛酸菜味黔鱼,4.0
2025-10-02,蒜香味江团,11.0
2025-10-02,蒜香味海鲈鱼,11.0
2025-10-02,蒜香味黔鱼,14.0
2025-10-02,酸菜味江团,1.0
2025-10-02,酸菜味海鲈鱼,2.0
2025-10-02,酸菜味黔鱼,1.0
2025-10-02,青椒味江团,10.0
2025-10-02,青椒味海鲈鱼,11.0
2025-10-02,青椒味黔鱼,10.0
2025-10-02,麻辣味江团,13.0
2025-10-02,麻辣味海鲈鱼,13.0
2025-10-02,麻辣味黔鱼,13.0
2025-10-03,掌中宝,42.0
2025-10-03,烤羊肉串,109.0
2025-10-03,老坛酸菜味江团,2.0
2025-10-03,老坛酸菜味海鲈鱼,2.0
2025-10-03,老坛酸菜味黔鱼,2.0
2025-10-03,蒜香味江团,8.0
2025-10-03,蒜香味海鲈鱼,8.0
2025-10-03,蒜香味黔鱼,18.0
2025-10-03,酸菜味江团,1.0
2025-10-03,酸菜味海鲈鱼,1.0
2025-10-03,酸菜味黔鱼,1.0
2025-10-03,青椒味江团,7.0
2025-10-03,青椒味海鲈鱼,7.0
2025-10-03,青椒味黔鱼,7.0
2025-10-03,麻辣味江团,16.0
2025-10-03,麻辣味海鲈鱼,16.0
2025-10-03,麻辣味黔鱼,16.0
2025-10-04,掌中宝,48.0
2025-10-04,烤羊肉串,108.0
2025-10-04,老坛酸菜味江团,3.0
2025-10-04,老坛酸菜味海鲈鱼,3.0
2025-10-04,老坛酸菜味黔鱼,3.0
2025-10-04,蒜香味江团,7.0
2025-10-04,蒜香味海鲈鱼,7.0
2025-10-04,蒜香味黔鱼,12.0
2025-10-04,酸菜味江团,1.0
2025-10-04,酸菜味海鲈鱼,1.0
2025-10-04,酸菜味黔鱼,1.0
2025-10-04,青椒味江团,6.0
2025-10-04,青椒味海鲈鱼,6.0
2025-10-04,青椒味黔鱼,7.0
2025-10-04,麻辣味江团,16.0
2025-10-04,麻辣味海鲈鱼,16.0
2025-10-04,麻辣味黔鱼,16.0
2025-10-05,掌中宝,61.0
2025-10-05,烤羊肉串,133.0
2025-10-05,老坛酸菜味江团,3.0
2025-10-05,老坛酸菜味海鲈鱼,3.0
2025-10-05,老坛酸菜味黔鱼,3.0
2025-10-05,蒜香味江团,7.0
2025-10-05,蒜香味海鲈鱼,7.0
2025-10-05,蒜香味黔鱼,18.0
2025-10-05,酸菜味江团,1.0
2025-10-05,酸菜味海鲈鱼,1.0
2025-10-05,酸菜味黔鱼,1.0
2025-10-05,青椒味江团,10.0
2025-10-05,青椒味海鲈鱼,10.0
2025-10-05,青椒味黔鱼,10.0
2025-10-05,麻辣味江团,14.0
2025-10-05,麻辣味海鲈鱼,14.0
2025-10-05,麻辣味黔鱼,14.0
2025-10-06,掌中宝,93.0
2025-10-06,烤羊肉串,153.0
2025-10-06,老坛酸菜味江团,4.0
2025-10-06,老坛酸菜味海鲈鱼,4.0
2025-10-06,老坛酸菜味黔鱼,4.0
2025-10-06,蒜香味江团,13.0
2025-10-06,蒜香味海鲈鱼,13.0
2025-10-06,蒜香味黔鱼,30.0
2025-10-06,酸菜味江团,1.0
2025-10-06,酸菜味海鲈鱼,1.0
2025-10-06,酸菜味黔鱼,1.0
2025-10-06,青椒味江团,11.0
2025-10-06,青椒味海鲈鱼,11.0
2025-10-06,青椒味黔鱼,11.0
2025-10-06,麻辣味江团,30.0
2025-10-06,麻辣味海鲈鱼,30.0
2025-10-06,麻辣味黔鱼,30.0
2025-10-07,掌中宝,74.0
2025-10-07,烤羊肉串,137.0
2025-10-07,老坛酸菜味江团,4.0
2025-10-07,老坛酸菜味海鲈鱼,4.0
2025-10-07,老坛酸菜味黔鱼,4.0
2025-10-07,蒜香味江团,12.0
2025-10-07,蒜香味海鲈鱼,12.0
2025-10-07,蒜香味黔鱼,25.0
2025-10-07,酸菜味江团,1.0
2025-10-07,酸菜味海鲈鱼,1.0
2025-10-07,酸菜味黔鱼,2.0
2025-10-07,青椒味江团,9.0
2025-10-07,青椒味海鲈鱼,9.0
2025-10-07,青椒味黔鱼,9.0
2025-10-07,麻辣味江团,16.0
2025-10-07,麻辣味海鲈鱼,16.0
2025-10-07,麻辣味黔鱼,17.0
2025-10-08,掌中宝,36.0
2025-10-08,烤羊肉串,124.0
2025-10-08,老坛酸菜味江团,4.0
2025-10-08,老坛酸菜味海鲈鱼,4.0
2025-10-08,老坛酸菜味黔鱼,4.0
2025-10-08,蒜香味江团,9.0
2025-10-08,蒜香味海鲈鱼,8.0
2025-10-08,蒜香味黔鱼,20.0
2025-10-08,酸菜味江团,3.0
2025-10-08,酸菜味海鲈鱼,3.0
2025-10-08,酸菜味黔鱼,3.0
2025-10-08,青椒味江团,8.0
2025-10-08,青椒味海鲈鱼,8.0
2025-10-08,青椒味黔鱼,8.0
2025-10-08,麻辣味江团,13.0
2025-10-08,麻辣味海鲈鱼,13.0
2025-10-08,麻辣味黔鱼,13.0
2025-10-09,掌中宝,12.0
2025-10-09,烤羊肉串,43.0
2025-10-09,老坛酸菜味江团,1.0
2025-10-09,老坛酸菜味海鲈鱼,1.0
2025-10-09,老坛酸菜味黔鱼,1.0
2025-10-09,蒜香味江团,3.0
2025-10-09,蒜香味海鲈鱼,3.0
2025-10-09,蒜香味黔鱼,6.0
2025-10-09,酸菜味江团,3.0
2025-10-09,酸菜味海鲈鱼,3.0
2025-10-09,酸菜味黔鱼,3.0
2025-10-09,青椒味江团,6.0
2025-10-09,青椒味海鲈鱼,6.0
2025-10-09,青椒味黔鱼,6.0
2025-10-09,麻辣味江团,11.0
2025-10-09,麻辣味海鲈鱼,11.0
2025-10-09,麻辣味黔鱼,11.0
2025-10-10,掌中宝,27.0
2025-10-10,烤羊肉串,30.0
2025-10-10,老坛酸菜味江团,1.0
2025-10-10,老坛酸菜味海鲈鱼,1.0
2025-10-10,老坛酸菜味黔鱼,1.0
2025-10-10,蒜香味江团,4.0
2025-10-10,蒜香味海鲈鱼,4.0
2025-10-10,蒜香味黔鱼,6.0
2025-10-10,酸菜味江团,1.0
2025-10-10,酸菜味海鲈鱼,1.0
2025-10-10,酸菜味黔鱼,1.0
2025-10-10,青椒味江团,5.0
2025-10-10,青椒味海鲈鱼,5.0
2025-10-10,青椒味黔鱼,5.0
2025-10-10,麻辣味江团,12.0
2025-10-10,麻辣味海鲈鱼,12.0
2025-10-10,麻辣味黔鱼,12.0
2025-10-11,掌中宝,25.0
2025-10-11,烤羊肉串,59.0
2025-10-11,老坛酸菜味江团,3.0
2025-10-11,老坛酸菜味海鲈鱼,3.0
2025-10-11,老坛酸菜味黔鱼,3.0
2025-10-11,蒜香味江团,6.0
2025-10-11,蒜香味海鲈鱼,6.0
2025-10-11,蒜香味黔鱼,12.0
2025-10-11,酸菜味江团,1.0
2025-10-11,酸菜味海鲈鱼,1.0
2025-10-11,酸菜味黔鱼,1.0
2025-10-11,青椒味江团,5.0
2025-10-11,青椒味海鲈鱼,5.0
2025-10-11,青椒味黔鱼,5.0
2025-10-11,麻辣味江团,17.0
2025-10-11,麻辣味海鲈鱼,17.0
2025-10-11,麻辣味黔鱼,17.0
2025-10-12,掌中宝,34.0
2025-10-12,烤羊肉串,79.0
2025-10-12,老坛酸菜味江团,2.0
2025-10-12,老坛酸菜味海鲈鱼,2.0
2025-10-12,老坛酸菜味黔鱼,2.0
2025-10-12,蒜香味江团,9.0
2025-10-12,蒜香味海鲈鱼,9.0
2025-10-12,蒜香味黔鱼,19.0
2025-10-12,青椒味江团,7.0
2025-10-12,青椒味海鲈鱼,7.0
2025-10-12,青椒味黔鱼,7.0
2025-10-12,麻辣味江团,17.0
2025-10-12,麻辣味海鲈鱼,17.0
2025-10-12,麻辣味黔鱼,17.0
2025-10-13,掌中宝,49.0
2025-10-13,烤羊肉串,38.0
2025-10-13,老坛酸菜味江团,1.0
2025-10-13,老坛酸菜味海鲈鱼,1.0
2025-10-13,老坛酸菜味黔鱼,1.0
2025-10-13,蒜香味江团,2.0
2025-10-13,蒜香味海鲈鱼,2.0
2025-10-13,蒜香味黔鱼,5.0
2025-10-13,酸菜味江团,1.0
2025-10-13,酸菜味海鲈鱼,1.0
2025-10-13,酸菜味黔鱼,1.0
2025-10-13,青椒味江团,3.0
2025-10-13,青椒味海鲈鱼,3.0
2025-10-13,青椒味黔鱼,3.0
2025-10-13,麻辣味江团,10.0
2025-10-13,麻辣味海鲈鱼,10.0
2025-10-13,麻辣味黔鱼,10.0
2025-10-14,掌中宝,34.0
2025-10-14,烤羊肉串,59.0
2025-10-14,老坛酸菜味江团,2.0
2025-10-14,老坛酸菜味海鲈鱼,2.0
2025-10-14,老坛酸菜味黔鱼,2.0
2025-10-14,蒜香味江团,4.0
2025-10-14,蒜香味海鲈鱼,4.0
2025-10-14,蒜香味黔鱼,7.0
2025-10-14,酸菜味江团,1.0
2025-10-14,酸菜味海鲈鱼,1.0
2025-10-14,酸菜味黔鱼,1.0
2025-10-14,青椒味江团,4.0
2025-10-14,青椒味海鲈鱼,4.0
2025-10-14,青椒味黔鱼,4.0
2025-10-14,麻辣味江团,10.0
2025-10-14,麻辣味海鲈鱼,10.0
2025-10-14,麻辣味黔鱼,10.0
2025-10-15,掌中宝,24.0
2025-10-15,烤羊肉串,45.0
2025-10-15,老坛酸菜味江团,3.0
2025-10-15,老坛酸菜味海鲈鱼,3.0
2025-10-15,老坛酸菜味黔鱼,3.0
2025-10-15,蒜香味江团,4.0
2025-10-15,蒜香味海鲈鱼,4.0
2025-10-15,蒜香味黔鱼,8.0
2025-10-15,酸菜味江团,1.0
2025-10-15,酸菜味海鲈鱼,1.0
2025-10-15,酸菜味黔鱼,2.0
2025-10-15,青椒味江团,3.0
2025-10-15,青椒味海鲈鱼,3.0
2025-10-15,青椒味黔鱼,3.0
2025-10-15,麻辣味江团,11.0
2025-10-15,麻辣味海鲈鱼,11.0
2025-10-15,麻辣味黔鱼,11.0
2025-10-16,掌中宝,27.0
2025-10-16,烤羊肉串,35.0
2025-10-16,老坛酸菜味江团,2.0
2025-10-16,老坛酸菜味海鲈鱼,2.0
2025-10-16,老坛酸菜味黔鱼,2.0
2025-10-16,蒜香味江团,3.0
2025-10-16,蒜香味海鲈鱼,3.0
2025-10-16,蒜香味黔鱼,5.0
2025-10-16,酸菜味江团,1.0
2025-10-16,酸菜味海鲈鱼,1.0
2025-10-16,酸菜味黔鱼,1.0
2025-10-16,青椒味江团,4.0
2025-10-16,青椒味海鲈鱼,4.0
2025-10-16,青椒味黔鱼,4.0
2025-10-16,麻辣味江团,12.0
2025-10-16,麻辣味海鲈鱼,11.0
2025-10-16,麻辣味黔鱼,11.0
2025-10-17,掌中宝,31.0
2025-10-17,烤羊肉串,59.0
2025-10-17,老坛酸菜味江团,2.0
2025-10-17,老坛酸菜味海鲈鱼,2.0
2025-10-17,老坛酸菜味黔鱼,2.0
2025-10-17,蒜香味江团,4.0
2025-10-17,蒜香味海鲈鱼,4.0
2025-10-17,蒜香味黔鱼,8.0
2025-10-17,酸菜味江团,1.0
2025-10-17,酸菜味海鲈鱼,1.0
2025-10-17,酸菜味黔鱼,1.0
2025-10-17,青椒味江团,6.0
2025-10-17,青椒味海鲈鱼,6.0
2025-10-17,青椒味黔鱼,6.0
2025-10-17,麻辣味江团,19.0
2025-10-17,麻辣味海鲈鱼,19.0
2025-10-17,麻辣味黔鱼,19.0
2025-10-18,掌中宝,32.0
2025-10-18,烤羊肉串,58.0
2025-10-18,老坛酸菜味江团,3.0
2025-10-18,老坛酸菜味海鲈鱼,3.0
2025-10-18,老坛酸菜味黔鱼,3.0
2025-10-18,蒜香味江团,9.0
2025-10-18,蒜香味海鲈鱼,10.0
2025-10-18,蒜香味黔鱼,19.0
2025-10-18,酸菜味江团,1.0
2025-10-18,酸菜味海鲈鱼,1.0
2025-10-18,酸菜味黔鱼,1.0
2025-10-18,青椒味江团,6.0
2025-10-18,青椒味海鲈鱼,7.0
2025-10-18,青椒味黔鱼,7.0
2025-10-18,麻辣味江团,18.0
2025-10-18,麻辣味海鲈鱼,18.0
2025-10-18,麻辣味黔鱼,18.0
2025-10-19,掌中宝,49.0
2025-10-19,烤羊肉串,80.0
2025-10-19,老坛酸菜味江团,3.0
2025-10-19,老坛酸菜味海鲈鱼,3.0
2025-10-19,老坛酸菜味黔鱼,3.0
2025-10-19,蒜香味江团,9.0
2025-10-19,蒜香味海鲈鱼,9.0
2025-10-19,蒜香味黔鱼,19.0
2025-10-19,酸菜味江团,1.0
2025-10-19,酸菜味海鲈鱼,1.0
2025-10-19,酸菜味黔鱼,1.0
2025-10-19,青椒味江团,7.0
2025-10-19,青椒味海鲈鱼,7.0
2025-10-19,青椒味黔鱼,7.0
2025-10-19,麻辣味江团,21.0
2025-10-19,麻辣味海鲈鱼,21.0
2025-10-19,麻辣味黔鱼,21.0
2025-10-20,掌中宝,41.0
2025-10-20,烤羊肉串,29.0
2025-10-20,老坛酸菜味江团,2.0
2025-10-20,老坛酸菜味海鲈鱼,2.0
2025-10-20,老坛酸菜味黔鱼,2.0
2025-10-20,蒜香味江团,5.0
2025-10-20,蒜香味海鲈鱼,5.0
2025-10-20,蒜香味黔鱼,6.0
2025-10-20,酸菜味江团,2.0
2025-10-20,酸菜味海鲈鱼,2.0
2025-10-20,酸菜味黔鱼,3.0
2025-10-20,青椒味江团,7.0
2025-10-20,青椒味海鲈鱼,7.0
2025-10-20,青椒味黔鱼,8.0
2025-10-20,麻辣味江团,16.0
2025-10-20,麻辣味海鲈鱼,16.0
2025-10-20,麻辣味黔鱼,17.0
2025-10-21,掌中宝,52.0
2025-10-21,烤羊肉串,40.0
2025-10-21,老坛酸菜味江团,1.0
2025-10-21,老坛酸菜味海鲈鱼,1.0
2025-10-21,老坛酸菜味黔鱼,1.0
2025-10-21,蒜香味江团,3.0
2025-10-21,蒜香味海鲈鱼,3.0
2025-10-21,蒜香味黔鱼,7.0
2025-10-21,青椒味江团,5.0
2025-10-21,青椒味海鲈鱼,5.0
2025-10-21,青椒味黔鱼,5.0
2025-10-21,麻辣味江团,13.0
2025-10-21,麻辣味海鲈鱼,13.0
2025-10-21,麻辣味黔鱼,13.0
2025-10-22,掌中宝,25.0
2025-10-22,烤羊肉串,10.0
2025-10-22,老坛酸菜味江团,2.0
2025-10-22,老坛酸菜味海鲈鱼,2.0
2025-10-22,老坛酸菜味黔鱼,2.0
2025-10-22,蒜香味江团,4.0
2025-10-22,蒜香味海鲈鱼,4.0
2025-10-22,蒜香味黔鱼,7.0
2025-10-22,酸菜味江团,2.0
2025-10-22,酸菜味海鲈鱼,2.0
2025-10-22,酸菜味黔鱼,2.0
2025-10-22,青椒味江团,4.0
2025-10-22,青椒味海鲈鱼,4.0
2025-10-22,青椒味黔鱼,4.0
2025-10-22,麻辣味江团,12.0
2025-10-22,麻辣味海鲈鱼,12.0
2025-10-22,麻辣味黔鱼,12.0
2025-10-23,掌中宝,34.0
2025-10-23,烤羊肉串,50.0
2025-10-23,老坛酸菜味江团,2.0
2025-10-23,老坛酸菜味海鲈鱼,2.0
2025-10-23,老坛酸菜味黔鱼,2.0
2025-10-23,蒜香味江团,5.0
2025-10-23,蒜香味海鲈鱼,4.0
2025-10-23,蒜香味黔鱼,9.0
2025-10-23,酸菜味江团,2.0
2025-10-23,酸菜味海鲈鱼,1.0
2025-10-23,酸菜味黔鱼,2.0
2025-10-23,青椒味江团,5.0
2025-10-23,青椒味海鲈鱼,5.0
2025-10-23,青椒味黔鱼,5.0
2025-10-23,麻辣味江团,15.0
2025-10-23,麻辣味海鲈鱼,15.0
2025-10-23,麻辣味黔鱼,15.0
2025-10-24,掌中宝,35.0
2025-10-24,烤羊肉串,41.0
2025-10-24,老坛酸菜味江团,1.0
2025-10-24,老坛酸菜味海鲈鱼,1.0
2025-10-24,老坛酸菜味黔鱼,1.0
2025-10-24,蒜香味江团,4.0
2025-10-24,蒜香味海鲈鱼,4.0
2025-10-24,蒜香味黔鱼,12.0
2025-10-24,酸菜味江团,1.0
2025-10-24,酸菜味海鲈鱼,1.0
2025-10-24,酸菜味黔鱼,1.0
2025-10-24,青椒味江团,6.0
2025-10-24,青椒味海鲈鱼,6.0
2025-10-24,青椒味黔鱼,6.0
2025-10-24,麻辣味江团,21.0
2025-10-24,麻辣味海鲈鱼,21.0
2025-10-24,麻辣味黔鱼,21.0
2025-10-25,掌中宝,71.0
2025-10-25,烤羊肉串,69.0
2025-10-25,老坛酸菜味江团,3.0
2025-10-25,老坛酸菜味海鲈鱼,3.0
2025-10-25,老坛酸菜味黔鱼,3.0
2025-10-25,蒜香味江团,7.0
2025-10-25,蒜香味海鲈鱼,7.0
2025-10-25,蒜香味黔鱼,18.0
2025-10-25,酸菜味江团,2.0
2025-10-25,酸菜味海鲈鱼,2.0
2025-10-25,酸菜味黔鱼,2.0
2025-10-25,青椒味江团,7.0
2025-10-25,青椒味海鲈鱼,7.0
2025-10-25,青椒味黔鱼,8.0
2025-10-25,麻辣味江团,19.0
2025-10-25,麻辣味海鲈鱼,19.0
2025-10-25,麻辣味黔鱼,20.0
2025-10-26,掌中宝,40.0
2025-10-26,烤羊肉串,107.0
2025-10-26,老坛酸菜味江团,3.0
2025-10-26,老坛酸菜味海鲈鱼,3.0
2025-10-26,老坛酸菜味黔鱼,3.0
2025-10-26,蒜香味江团,7.0
2025-10-26,蒜香味海鲈鱼,7.0
2025-10-26,蒜香味黔鱼,20.0
2025-10-26,酸菜味江团,1.0
2025-10-26,酸菜味海鲈鱼,1.0
2025-10-26,酸菜味黔鱼,2.0
2025-10-26,青椒味江团,8.0
2025-10-26,青椒味海鲈鱼,8.0
2025-10-26,青椒味黔鱼,9.0
2025-10-26,麻辣味江团,20.0
2025-10-26,麻辣味海鲈鱼,20.0
2025-10-26,麻辣味黔鱼,21.0
2025-10-27,掌中宝,22.0
2025-10-27,烤羊肉串,14.0
2025-10-27,老坛酸菜味江团,2.0
2025-10-27,老坛酸菜味海鲈鱼,2.0
2025-10-27,老坛酸菜味黔鱼,2.0
2025-10-27,蒜香味江团,4.0
2025-10-27,蒜香味海鲈鱼,4.0
2025-10-27,蒜香味黔鱼,5.0
2025-10-27,酸菜味江团,1.0
2025-10-27,酸菜味海鲈鱼,1.0
2025-10-27,酸菜味黔鱼,1.0
2025-10-27,青椒味江团,3.0
2025-10-27,青椒味海鲈鱼,3.0
2025-10-27,青椒味黔鱼,3.0
2025-10-27,麻辣味江团,15.0
2025-10-27,麻辣味海鲈鱼,15.0
2025-10-27,麻辣味黔鱼,15.0
2025-10-28,掌中宝,48.0
2025-10-28,烤羊肉串,33.0
2025-10-28,老坛酸菜味江团,1.0
2025-10-28,老坛酸菜味海鲈鱼,1.0
2025-10-28,老坛酸菜味黔鱼,1.0
2025-10-28,蒜香味江团,4.0
2025-10-28,蒜香味海鲈鱼,4.0
2025-10-28,蒜香味黔鱼,14.0
2025-10-28,酸菜味江团,1.0
2025-10-28,酸菜味海鲈鱼,1.0
2025-10-28,酸菜味黔鱼,1.0
2025-10-28,青椒味江团,5.0
2025-10-28,青椒味海鲈鱼,5.0
2025-10-28,青椒味黔鱼,5.0
2025-10-28,麻辣味江团,13.0
2025-10-28,麻辣味海鲈鱼,13.0
2025-10-28,麻辣味黔鱼,13.0
2025-10-29,掌中宝,34.0
2025-10-29,烤羊肉串,48.0
2025-10-29,老坛酸菜味江团,2.0
2025-10-29,老坛酸菜味海鲈鱼,2.0
2025-10-29,老坛酸菜味黔鱼,2.0
2025-10-29,蒜香味江团,6.0
2025-10-29,蒜香味海鲈鱼,6.0
2025-10-29,蒜香味黔鱼,11.0
2025-10-29,酸菜味江团,1.0
2025-10-29,酸菜味海鲈鱼,1.0
2025-10-29,酸菜味黔鱼,1.0
2025-10-29,青椒味江团,3.0
2025-10-29,青椒味海鲈鱼,3.0
2025-10-29,青椒味黔鱼,3.0
2025-10-29,麻辣味江团,12.0
2025-10-29,麻辣味海鲈鱼,12.0
2025-10-29,麻辣味黔鱼,12.0
2025-10-30,掌中宝,55.0
2025-10-30,烤羊肉串,17.0
2025-10-30,老坛酸菜味江团,2.0
2025-10-30,老坛酸菜味海鲈鱼,2.0
2025-10-30,老坛酸菜味黔鱼,2.0
2025-10-30,蒜香味江团,5.0
2025-10-30,蒜香味海鲈鱼,5.0
2025-10-30,蒜香味黔鱼,9.0
2025-10-30,酸菜味江团,2.0
2025-10-30,酸菜味海鲈鱼,2.0
2025-10-30,酸菜味黔鱼,2.0
2025-10-30,青椒味江团,4.0
2025-10-30,青椒味海鲈鱼,4.0
2025-10-30,青椒味黔鱼,4.0
2025-10-30,麻辣味江团,11.0
2025-10-30,麻辣味海鲈鱼,11.0
2025-10-30,麻辣味黔鱼,11.0
2025-10-31,掌中宝,53.0
2025-10-31,烤羊肉串,43.0
2025-10-31,老坛酸菜味江团,2.0
2025-10-31,老坛酸菜味海鲈鱼,2.0
2025-10-31,老坛酸菜味黔鱼,2.0
2025-10-31,蒜香味江团,7.0
2025-10-31,蒜香味海鲈鱼,7.0
2025-10-31,蒜香味黔鱼,12.0
2025-10-31,酸菜味江团,2.0
2025-10-31,酸菜味海鲈鱼,1.0
2025-10-31,酸菜味黔鱼,1.0
2025-10-31,青椒味江团,5.0
2025-10-31,青椒味海鲈鱼,5.0
2025-10-31,青椒味黔鱼,5.0
2025-10-31,麻辣味江团,18.0
2025-10-31,麻辣味海鲈鱼,18.0
2025-10-31,麻辣味黔鱼,18.0
2025-11-01,掌中宝,40.0
2025-11-01,烤羊肉串,80.0
2025-11-01,老坛酸菜味江团,3.0
2025-11-01,老坛酸菜味海鲈鱼,3.0
2025-11-01,老坛酸菜味黔鱼,3.0
2025-11-01,蒜香味江团,10.0
2025-11-01,蒜香味海鲈鱼,10.0
2025-11-01,蒜香味黔鱼,17.0
2025-11-01,酸菜味江团,1.0
2025-11-01,酸菜味海鲈鱼,1.0
2025-11-01,酸菜味黔鱼,1.0
2025-11-01,青椒味江团,5.0
2025-11-01,青椒味海鲈鱼,5.0
2025-11-01,青椒味黔鱼,5.0
2025-11-01,麻辣味江团,23.0
2025-11-01,麻辣味海鲈鱼,23.0
2025-11-01,麻辣味黔鱼,23.0
2025-11-02,掌中宝,68.0
2025-11-02,烤羊肉串,78.0
2025-11-02,老坛酸菜味江团,2.0
2025-11-02,老坛酸菜味海鲈鱼,2.0
2025-11-02,老坛酸菜味黔鱼,2.0
2025-11-02,蒜香味江团,10.0
2025-11-02,蒜香味海鲈鱼,10.0
2025-11-02,蒜香味黔鱼,25.0
2025-11-02,酸菜味江团,1.0
2025-11-02,酸菜味海鲈鱼,1.0
2025-11-02,酸菜味黔鱼,1.0
2025-11-02,青椒味江团,7.0
2025-11-02,青椒味海鲈鱼,7.0
2025-11-02,青椒味黔鱼,7.0
2025-11-02,麻辣味江团,16.0
2025-11-02,麻辣味海鲈鱼,16.0
2025-11-02,麻辣味黔鱼,17.0
2025-11-03,掌中宝,35.0
2025-11-03,烤羊肉串,65.0
2025-11-03,老坛酸菜味江团,1.0
2025-11-03,老坛酸菜味海鲈鱼,1.0
2025-11-03,老坛酸菜味黔鱼,1.0
2025-11-03,蒜香味江团,6.0
2025-11-03,蒜香味海鲈鱼,6.0
2025-11-03,蒜香味黔鱼,9.0
2025-11-03,酸菜味江团,1.0
2025-11-03,酸菜味海鲈鱼,1.0
2025-11-03,酸菜味黔鱼,1.0
2025-11-03,青椒味江团,3.0
2025-11-03,青椒味海鲈鱼,3.0
2025-11-03,青椒味黔鱼,3.0
2025-11-03,麻辣味江团,11.0
2025-11-03,麻辣味海鲈鱼,11.0
2025-11-03,麻辣味黔鱼,11.0
2025-11-04,掌中宝,31.0
2025-11-04,烤羊肉串,21.0
2025-11-04,老坛酸菜味江团,1.0
2025-11-04,老坛酸菜味海鲈鱼,1.0
2025-11-04,老坛酸菜味黔鱼,1.0
2025-11-04,蒜香味江团,4.0
2025-11-04,蒜香味海鲈鱼,4.0
2025-11-04,蒜香味黔鱼,8.0
2025-11-04,酸菜味黔鱼,1.0
2025-11-04,青椒味江团,5.0
2025-11-04,青椒味海鲈鱼,5.0
2025-11-04,青椒味黔鱼,5.0
2025-11-04,麻辣味江团,14.0
2025-11-04,麻辣味海鲈鱼,14.0
2025-11-04,麻辣味黔鱼,14.0
2025-11-05,掌中宝,34.0
2025-11-05,烤羊肉串,44.0
2025-11-05,老坛酸菜味江团,2.0
2025-11-05,老坛酸菜味海鲈鱼,2.0
2025-11-05,老坛酸菜味黔鱼,2.0
2025-11-05,蒜香味江团,4.0
2025-11-05,蒜香味海鲈鱼,4.0
2025-11-05,蒜香味黔鱼,6.0
2025-11-05,酸菜味江团,1.0
2025-11-05,酸菜味海鲈鱼,1.0
2025-11-05,酸菜味黔鱼,1.0
2025-11-05,青椒味江团,4.0
2025-11-05,青椒味海鲈鱼,4.0
2025-11-05,青椒味黔鱼,4.0
2025-11-05,麻辣味江团,11.0
2025-11-05,麻辣味海鲈鱼,11.0
2025-11-05,麻辣味黔鱼,11.0
2025-11-06,掌中宝,40.0
2025-11-06,烤羊肉串,45.0
2025-11-06,老坛酸菜味江团,1.0
2025-11-06,老坛酸菜味海鲈鱼,1.0
2025-11-06,老坛酸菜味黔鱼,1.0
2025-11-06,蒜香味江团,5.0
2025-11-06,蒜香味海鲈鱼,5.0
2025-11-06,蒜香味黔鱼,10.0
2025-11-06,酸菜味江团,1.0
2025-11-06,酸菜味海鲈鱼,1.0
2025-11-06,酸菜味黔鱼,2.0
2025-11-06,青椒味江团,4.0
2025-11-06,青椒味海鲈鱼,4.0
2025-11-06,青椒味黔鱼,4.0
2025-11-06,麻辣味江团,12.0
2025-11-06,麻辣味海鲈鱼,12.0
2025-11-06,麻辣味黔鱼,12.0
2025-11-07,掌中宝,23.0
2025-11-07,烤羊肉串,38.0
2025-11-07,老坛酸菜味江团,2.0
2025-11-07,老坛酸菜味海鲈鱼,2.0
2025-11-07,老坛酸菜味黔鱼,2.0
2025-11-07,蒜香味江团,5.0
2025-11-07,蒜香味海鲈鱼,5.0
2025-11-07,蒜香味黔鱼,8.0
2025-11-07,酸菜味江团,1.0
2025-11-07,酸菜味海鲈鱼,1.0
2025-11-07,酸菜味黔鱼,1.0
2025-11-07,青椒味江团,5.0
2025-11-07,青椒味海鲈鱼,5.0
2025-11-07,青椒味黔鱼,5.0
2025-11-07,麻辣味江团,16.0
2025-11-07,麻辣味海鲈鱼,16.0
2025-11-07,麻辣味黔鱼,16.0
2025-11-08,掌中宝,51.0
2025-11-08,烤羊肉串,111.0
2025-11-08,老坛酸菜味江团,3.0
2025-11-08,老坛酸菜味海鲈鱼,3.0
2025-11-08,老坛酸菜味黔鱼,3.0
2025-11-08,蒜香味江团,8.0
2025-11-08,蒜香味海鲈鱼,8.0
2025-11-08,蒜香味黔鱼,22.0
2025-11-08,酸菜味江团,2.0
2025-11-08,酸菜味海鲈鱼,2.0
2025-11-08,酸菜味黔鱼,2.0
2025-11-08,青椒味江团,8.0
2025-11-08,青椒味海鲈鱼,8.0
2025-11-08,青椒味黔鱼,9.0
2025-11-08,麻辣味江团,22.0
2025-11-08,麻辣味海鲈鱼,22.0
2025-11-08,麻辣味黔鱼,23.0
2025-11-09,掌中宝,56.0
2025-11-09,烤羊肉串,76.0
2025-11-09,老坛酸菜味江团,4.0
2025-11-09,老坛酸菜味海鲈鱼,4.0
2025-11-09,老坛酸菜味黔鱼,4.0
2025-11-09,蒜香味江团,10.0
2025-11-09,蒜香味海鲈鱼,9.0
2025-11-09,蒜香味黔鱼,22.0
2025-11-09,酸菜味江团,2.0
2025-11-09,酸菜味海鲈鱼,2.0
2025-11-09,酸菜味黔鱼,2.0
2025-11-09,青椒味江团,6.0
2025-11-09,青椒味海鲈鱼,6.0
2025-11-09,青椒味黔鱼,6.0
2025-11-09,麻辣味江团,14.0
2025-11-09,麻辣味海鲈鱼,13.0
2025-11-09,麻辣味黔鱼,13.0
2025-11-10,掌中宝,48.0
2025-11-10,烤羊肉串,38.0
2025-11-10,老坛酸菜味江团,1.0
2025-11-10,老坛酸菜味海鲈鱼,1.0
2025-11-10,老坛酸菜味黔鱼,1.0
2025-11-10,蒜香味江团,2.0
2025-11-10,蒜香味海鲈鱼,2.0
2025-11-10,蒜香味黔鱼,5.0
2025-11-10,酸菜味江团,1.0
2025-11-10,酸菜味海鲈鱼,1.0
2025-11-10,酸菜味黔鱼,1.0
2025-11-10,青椒味江团,6.0
2025-11-10,青椒味海鲈鱼,6.0
2025-11-10,青椒味黔鱼,6.0
2025-11-10,麻辣味江团,16.0
2025-11-10,麻辣味海鲈鱼,16.0
2025-11-10,麻辣味黔鱼,16.0
2025-11-11,掌中宝,38.0
2025-11-11,烤羊肉串,26.0
2025-11-11,老坛酸菜味江团,2.0
2025-11-11,老坛酸菜味海鲈鱼,2.0
2025-11-11,老坛酸菜味黔鱼,2.0
2025-11-11,蒜香味江团,5.0
2025-11-11,蒜香味海鲈鱼,5.0
2025-11-11,蒜香味黔鱼,10.0
2025-11-11,酸菜味江团,2.0
2025-11-11,酸菜味海鲈鱼,2.0
2025-11-11,酸菜味黔鱼,2.0
2025-11-11,青椒味江团,3.0
2025-11-11,青椒味海鲈鱼,3.0
2025-11-11,青椒味黔鱼,3.0
2025-11-11,麻辣味江团,11.0
2025-11-11,麻辣味海鲈鱼,11.0
2025-11-11,麻辣味黔鱼,11.0
2025-11-12,掌中宝,42.0
2025-11-12,烤羊肉串,41.0
2025-11-12,老坛酸菜味江团,1.0
2025-11-12,老坛酸菜味海鲈鱼,1.0
2025-11-12,老坛酸菜味黔鱼,1.0
2025-11-12,蒜香味江团,8.0
2025-11-12,蒜香味海鲈鱼,7.0
2025-11-12,蒜香味黔鱼,14.0
2025-11-12,酸菜味江团,1.0
2025-11-12,酸菜味海鲈鱼,1.0
2025-11-12,酸菜味黔鱼,2.0
2025-11-12,青椒味江团,5.0
2025-11-12,青椒味海鲈鱼,5.0
2025-11-12,青椒味黔鱼,6.0
2025-11-12,麻辣味江团,15.0
2025-11-12,麻辣味海鲈鱼,14.0
2025-11-12,麻辣味黔鱼,15.0
2025-11-13,掌中宝,47.0
2025-11-13,烤羊肉串,21.0
2025-11-13,老坛酸菜味江团,2.0
2025-11-13,老坛酸菜味海鲈鱼,2.0
2025-11-13,老坛酸菜味黔鱼,2.0
2025-11-13,蒜香味江团,5.0
2025-11-13,蒜香味海鲈鱼,5.0
2025-11-13,蒜香味黔鱼,7.0
2025-11-13,酸菜味江团,1.0
2025-11-13,酸菜味海鲈鱼,1.0
2025-11-13,酸菜味黔鱼,1.0
2025-11-13,青椒味江团,4.0
2025-11-13,青椒味海鲈鱼,4.0
2025-11-13,青椒味黔鱼,4.0
2025-11-13,麻辣味江团,13.0
2025-11-13,麻辣味海鲈鱼,13.0
2025-11-13,麻辣味黔鱼,13.0
2025-11-14,掌中宝,47.0
2025-11-14,烤羊肉串,91.0
2025-11-14,老坛酸菜味江团,1.0
2025-11-14,老坛酸菜味海鲈鱼,1.0
2025-11-14,老坛酸菜味黔鱼,1.0
2025-11-14,蒜香味江团,6.0
2025-11-14,蒜香味海鲈鱼,6.0
2025-11-14,蒜香味黔鱼,12.0
2025-11-14,酸菜味江团,1.0
2025-11-14,酸菜味海鲈鱼,1.0
2025-11-14,酸菜味黔鱼,1.0
2025-11-14,青椒味江团,3.0
2025-11-14,青椒味海鲈鱼,3.0
2025-11-14,青椒味黔鱼,3.0
2025-11-14,麻辣味江团,14.0
2025-11-14,麻辣味海鲈鱼,14.0
2025-11-14,麻辣味黔鱼,14.0
2025-11-15,掌中宝,47.0
2025-11-15,烤羊肉串,63.0
2025-11-15,老坛酸菜味江团,2.0
2025-11-15,老坛酸菜味海鲈鱼,2.0
2025-11-15,老坛酸菜味黔鱼,2.0
2025-11-15,蒜香味江团,11.0
2025-11-15,蒜香味海鲈鱼,11.0
2025-11-15,蒜香味黔鱼,29.0
2025-11-15,酸菜味江团,2.0
2025-11-15,酸菜味海鲈鱼,2.0
2025-11-15,酸菜味黔鱼,3.0
2025-11-15,青椒味江团,8.0
2025-11-15,青椒味海鲈鱼,8.0
2025-11-15,青椒味黔鱼,9.0
2025-11-15,麻辣味江团,21.0
2025-11-15,麻辣味海鲈鱼,21.0
2025-11-15,麻辣味黔鱼,22.0
2025-11-16,掌中宝,52.0
2025-11-16,烤羊肉串,56.0
2025-11-16,老坛酸菜味江团,3.0
2025-11-16,老坛酸菜味海鲈鱼,3.0
2025-11-16,老坛酸菜味黔鱼,3.0
2025-11-16,蒜香味江团,9.0
2025-11-16,蒜香味海鲈鱼,9.0
2025-11-16,蒜香味黔鱼,21.0
2025-11-16,酸菜味江团,2.0
2025-11-16,酸菜味海鲈鱼,1.0
2025-11-16,酸菜味黔鱼,1.0
2025-11-16,青椒味江团,9.0
2025-11-16,青椒味海鲈鱼,8.0
2025-11-16,青椒味黔鱼,9.0
2025-11-16,麻辣味江团,22.0
2025-11-16,麻辣味海鲈鱼,21.0
2025-11-16,麻辣味黔鱼,22.0
2025-11-17,掌中宝,20.0
2025-11-17,烤羊肉串,24.0
2025-11-17,老坛酸菜味江团,1.0
2025-11-17,老坛酸菜味海鲈鱼,1.0
2025-11-17,老坛酸菜味黔鱼,1.0
2025-11-17,蒜香味江团,4.0
2025-11-17,蒜香味海鲈鱼,4.0
2025-11-17,蒜香味黔鱼,5.0
2025-11-17,酸菜味江团,1.0
2025-11-17,酸菜味海鲈鱼,1.0
2025-11-17,酸菜味黔鱼,2.0
2025-11-17,青椒味江团,3.0
2025-11-17,青椒味海鲈鱼,3.0
2025-11-17,青椒味黔鱼,3.0
2025-11-17,麻辣味江团,14.0
2025-11-17,麻辣味海鲈鱼,14.0
2025-11-17,麻辣味黔鱼,14.0
2025-11-18,掌中宝,63.0
2025-11-18,烤羊肉串,17.0
2025-11-18,老坛酸菜味江团,2.0
2025-11-18,老坛酸菜味海鲈鱼,2.0
2025-11-18,老坛酸菜味黔鱼,2.0
2025-11-18,蒜香味江团,4.0
2025-11-18,蒜香味海鲈鱼,4.0
2025-11-18,蒜香味黔鱼,9.0
2025-11-18,酸菜味江团,1.0
2025-11-18,酸菜味海鲈鱼,1.0
2025-11-18,酸菜味黔鱼,1.0
2025-11-18,青椒味江团,4.0
2025-11-18,青椒味海鲈鱼,4.0
2025-11-18,青椒味黔鱼,4.0
2025-11-18,麻辣味江团,15.0
2025-11-18,麻辣味海鲈鱼,15.0
2025-11-18,麻辣味黔鱼,15.0
2025-11-19,掌中宝,38.0
2025-11-19,烤羊肉串,36.0
2025-11-19,老坛酸菜味江团,2.0
2025-11-19,老坛酸菜味海鲈鱼,2.0
2025-11-19,老坛酸菜味黔鱼,2.0
2025-11-19,蒜香味江团,4.0
2025-11-19,蒜香味海鲈鱼,4.0
2025-11-19,蒜香味黔鱼,4.0
2025-11-19,酸菜味江团,1.0
2025-11-19,酸菜味海鲈鱼,1.0
2025-11-19,酸菜味黔鱼,1.0
2025-11-19,青椒味江团,5.0
2025-11-19,青椒味海鲈鱼,5.0
2025-11-19,青椒味黔鱼,6.0
2025-11-19,麻辣味江团,17.0
2025-11-19,麻辣味海鲈鱼,17.0
2025-11-19,麻辣味黔鱼,18.0
2025-11-20,掌中宝,17.0
2025-11-20,烤羊肉串,38.0
2025-11-20,老坛酸菜味江团,2.0
2025-11-20,老坛酸菜味海鲈鱼,2.0
2025-11-20,老坛酸菜味黔鱼,2.0
2025-11-20,蒜香味江团,5.0
2025-11-20,蒜香味海鲈鱼,5.0
2025-11-20,蒜香味黔鱼,11.0
2025-11-20,酸菜味江团,1.0
2025-11-20,酸菜味海鲈鱼,1.0
2025-11-20,酸菜味黔鱼,1.0
2025-11-20,青椒味江团,3.0
2025-11-20,青椒味海鲈鱼,4.0
2025-11-20,青椒味黔鱼,3.0
2025-11-20,麻辣味江团,14.0
2025-11-20,麻辣味海鲈鱼,14.0
2025-11-20,麻辣味黔鱼,14.0
2025-11-21,掌中宝,40.0
2025-11-21,烤羊肉串,72.0
2025-11-21,老坛酸菜味江团,1.0
2025-11-21,老坛酸菜味海鲈鱼,1.0
2025-11-21,老坛酸菜味黔鱼,1.0
2025-11-21,蒜香味江团,7.0
2025-11-21,蒜香味海鲈鱼,7.0
2025-11-21,蒜香味黔鱼,13.0
2025-11-21,酸菜味江团,1.0
2025-11-21,酸菜味海鲈鱼,1.0
2025-11-21,酸菜味黔鱼,2.0
2025-11-21,青椒味江团,5.0
2025-11-21,青椒味海鲈鱼,5.0
2025-11-21,青椒味黔鱼,6.0
2025-11-21,麻辣味江团,22.0
2025-11-21,麻辣味海鲈鱼,22.0
2025-11-21,麻辣味黔鱼,22.0
2025-11-22,掌中宝,68.0
2025-11-22,烤羊肉串,89.0
2025-11-22,老坛酸菜味江团,2.0
2025-11-22,老坛酸菜味海鲈鱼,2.0
2025-11-22,老坛酸菜味黔鱼,2.0
2025-11-22,蒜香味江团,10.0
2025-11-22,蒜香味海鲈鱼,10.0
2025-11-22,蒜香味黔鱼,16.0
2025-11-22,酸菜味江团,3.0
2025-11-22,酸菜味海鲈鱼,3.0
2025-11-22,酸菜味黔鱼,3.0
2025-11-22,青椒味江团,9.0
2025-11-22,青椒味海鲈鱼,9.0
2025-11-22,青椒味黔鱼,10.0
2025-11-22,麻辣味江团,18.0
2025-11-22,麻辣味海鲈鱼,18.0
2025-11-22,麻辣味黔鱼,18.0
2025-11-23,掌中宝,63.0
2025-11-23,烤羊肉串,68.0
2025-11-23,老坛酸菜味江团,4.0
2025-11-23,老坛酸菜味海鲈鱼,4.0
2025-11-23,老坛酸菜味黔鱼,4.0
2025-11-23,蒜香味江团,9.0
2025-11-23,蒜香味海鲈鱼,9.0
2025-11-23,蒜香味黔鱼,17.0
2025-11-23,酸菜味江团,2.0
2025-11-23,酸菜味海鲈鱼,2.0
2025-11-23,酸菜味黔鱼,2.0
2025-11-23,青椒味江团,7.0
2025-11-23,青椒味海鲈鱼,7.0
2025-11-23,青椒味黔鱼,7.0
2025-11-23,麻辣味江团,17.0
2025-11-23,麻辣味海鲈鱼,17.0
2025-11-23,麻辣味黔鱼,17.0
2025-11-24,掌中宝,35.0
2025-11-24,烤羊肉串,34.0
2025-11-24,老坛酸菜味江团,2.0
2025-11-24,老坛酸菜味海鲈鱼,2.0
2025-11-24,老坛酸菜味黔鱼,2.0
2025-11-24,蒜香味江团,4.0
2025-11-24,蒜香味海鲈鱼,4.0
2025-11-24,蒜香味黔鱼,7.0
2025-11-24,酸菜味江团,2.0
2025-11-24,酸菜味海鲈鱼,2.0
2025-11-24,酸菜味黔鱼,2.0
2025-11-24,青椒味江团,3.0
2025-11-24,青椒味海鲈鱼,3.0
2025-11-24,青椒味黔鱼,3.0
2025-11-24,麻辣味江团,11.0
2025-11-24,麻辣味海鲈鱼,11.0
2025-11-24,麻辣味黔鱼,11.0
2025-11-25,掌中宝,38.0
2025-11-25,烤羊肉串,26.0
2025-11-25,老坛酸菜味江团,1.0
2025-11-25,老坛酸菜味海鲈鱼,1.0
2025-11-25,老坛酸菜味黔鱼,1.0
2025-11-25,蒜香味江团,4.0
2025-11-25,蒜香味海鲈鱼,4.0
2025-11-25,蒜香味黔鱼,7.0
2025-11-25,酸菜味江团,1.0
2025-11-25,酸菜味海鲈鱼,1.0
2025-11-25,青椒味江团,4.0
2025-11-25,青椒味海鲈鱼,5.0
2025-11-25,青椒味黔鱼,4.0
2025-11-25,麻辣味江团,14.0
2025-11-25,麻辣味海鲈鱼,14.0
2025-11-25,麻辣味黔鱼,14.0
2025-11-26,掌中宝,22.0
2025-11-26,烤羊肉串,23.0
2025-11-26,老坛酸菜味江团,2.0
2025-11-26,老坛酸菜味海鲈鱼,2.0
2025-11-26,老坛酸菜味黔鱼,2.0
2025-11-26,蒜香味江团,4.0
2025-11-26,蒜香味海鲈鱼,4.0
2025-11-26,蒜香味黔鱼,9.0
2025-11-26,酸菜味江团,1.0
2025-11-26,酸菜味海鲈鱼,1.0
2025-11-26,酸菜味黔鱼,1.0
2025-11-26,青椒味江团,5.0
2025-11-26,青椒味海鲈鱼,5.0
2025-11-26,青椒味黔鱼,5.0
2025-11-26,麻辣味江团,13.0
2025-11-26,麻辣味海鲈鱼,13.0
2025-11-26,麻辣味黔鱼,13.0
2025-11-27,掌中宝,26.0
2025-11-27,烤羊肉串,46.0
2025-11-27,老坛酸菜味江团,2.0
2025-11-27,老坛酸菜味海鲈鱼,2.0
2025-11-27,老坛酸菜味黔鱼,2.0
2025-11-27,蒜香味江团,5.0
2025-11-27,蒜香味海鲈鱼,5.0
2025-11-27,蒜香味黔鱼,9.0
2025-11-27,酸菜味江团,2.0
2025-11-27,酸菜味海鲈鱼,2.0
2025-11-27,酸菜味黔鱼,2.0
2025-11-27,青椒味江团,3.0
2025-11-27,青椒味海鲈鱼,3.0
2025-11-27,青椒味黔鱼,2.0
2025-11-27,麻辣味江团,12.0
2025-11-27,麻辣味海鲈鱼,12.0
2025-11-27,麻辣味黔鱼,12.0
2025-11-28,掌中宝,42.0
2025-11-28,烤羊肉串,38.0
2025-11-28,老坛酸菜味江团,2.0
2025-11-28,老坛酸菜味海鲈鱼,2.0
2025-11-28,老坛酸菜味黔鱼,2.0
2025-11-28,蒜香味江团,6.0
2025-11-28,蒜香味海鲈鱼,6.0
2025-11-28,蒜香味黔鱼,15.0
2025-11-28,酸菜味江团,1.0
2025-11-28,酸菜味海鲈鱼,1.0
2025-11-28,酸菜味黔鱼,1.0
2025-11-28,青椒味江团,7.0
2025-11-28,青椒味海鲈鱼,7.0
2025-11-28,青椒味黔鱼,7.0
2025-11-28,麻辣味江团,14.0
2025-11-28,麻辣味海鲈鱼,14.0
2025-11-28,麻辣味黔鱼,14.0
2025-11-29,掌中宝,51.0
2025-11-29,烤羊肉串,133.0
2025-11-29,老坛酸菜味江团,4.0
2025-11-29,老坛酸菜味海鲈鱼,4.0
2025-11-29,老坛酸菜味黔鱼,4.0
2025-11-29,蒜香味江团,11.0
2025-11-29,蒜香味海鲈鱼,11.0
2025-11-29,蒜香味黔鱼,21.0
2025-11-29,酸菜味江团,2.0
2025-11-29,酸菜味海鲈鱼,1.0
2025-11-29,酸菜味黔鱼,1.0
2025-11-29,青椒味江团,5.0
2025-11-29,青椒味海鲈鱼,5.0
2025-11-29,青椒味黔鱼,5.0
2025-11-29,麻辣味江团,20.0
2025-11-29,麻辣味海鲈鱼,20.0
2025-11-29,麻辣味黔鱼,20.0
2025-11-30,掌中宝,52.0
2025-11-30,烤羊肉串,109.0
2025-11-30,老坛酸菜味江团,3.0
2025-11-30,老坛酸菜味海鲈鱼,3.0
2025-11-30,老坛酸菜味黔鱼,3.0
2025-11-30,蒜香味江团,10.0
2025-11-30,蒜香味海鲈鱼,10.0
2025-11-30,蒜香味黔鱼,21.0
2025-11-30,酸菜味江团,1.0
2025-11-30,酸菜味海鲈鱼,1.0
2025-11-30,酸菜味黔鱼,2.0
2025-11-30,青椒味江团,9.0
2025-11-30,青椒味海鲈鱼,9.0
2025-11-30,青椒味黔鱼,10.0
2025-11-30,麻辣味江团,16.0
2025-11-30,麻辣味海鲈鱼,16.0
2025-11-30,麻辣味黔鱼,18.0
2025-12-01,掌中宝,28.0
2025-12-01,烤羊肉串,20.0
2025-12-01,老坛酸菜味江团,1.0
2025-12-01,老坛酸菜味海鲈鱼,1.0
2025-12-01,老坛酸菜味黔鱼,1.0
2025-12-01,蒜香味江团,4.0
2025-12-01,蒜香味海鲈鱼,4.0
2025-12-01,蒜香味黔鱼,5.0
2025-12-01,酸菜味海鲈鱼,1.0
2025-12-01,酸菜味黔鱼,1.0
2025-12-01,青椒味江团,3.0
2025-12-01,青椒味海鲈鱼,3.0
2025-12-01,青椒味黔鱼,3.0
2025-12-01,麻辣味江团,9.0
2025-12-01,麻辣味海鲈鱼,9.0
2025-12-01,麻辣味黔鱼,9.0
2025-12-02,掌中宝,37.0
2025-12-02,烤羊肉串,46.0
2025-12-02,老坛酸菜味江团,2.0
2025-12-02,老坛酸菜味海鲈鱼,2.0
2025-12-02,老坛酸菜味黔鱼,2.0
2025-12-02,蒜香味江团,4.0
2025-12-02,蒜香味海鲈鱼,4.0
2025-12-02,蒜香味黔鱼,4.0
2025-12-02,酸菜味江团,1.0
2025-12-02,酸菜味海鲈鱼,1.0
2025-12-02,酸菜味黔鱼,1.0
2025-12-02,青椒味江团,4.0
2025-12-02,青椒味海鲈鱼,4.0
2025-12-02,青椒味黔鱼,4.0
2025-12-02,麻辣味江团,13.0
2025-12-02,麻辣味海鲈鱼,13.0
2025-12-02,麻辣味黔鱼,13.0
2025-12-03,掌中宝,14.0
2025-12-03,烤羊肉串,41.0
2025-12-03,老坛酸菜味江团,1.0
2025-12-03,老坛酸菜味海鲈鱼,1.0
2025-12-03,老坛酸菜味黔鱼,1.0
2025-12-03,蒜香味江团,4.0
2025-12-03,蒜香味海鲈鱼,4.0
2025-12-03,蒜香味黔鱼,9.0
2025-12-03,青椒味江团,3.0
2025-12-03,青椒味海鲈鱼,3.0
2025-12-03,青椒味黔鱼,3.0
2025-12-03,麻辣味江团,13.0
2025-12-03,麻辣味海鲈鱼,13.0
2025-12-03,麻辣味黔鱼,13.0
2025-12-04,掌中宝,38.0
2025-12-04,烤羊肉串,64.0
2025-12-04,老坛酸菜味江团,1.0
2025-12-04,老坛酸菜味海鲈鱼,1.0
2025-12-04,老坛酸菜味黔鱼,1.0
2025-12-04,蒜香味江团,2.0
2025-12-04,蒜香味海鲈鱼,2.0
2025-12-04,蒜香味黔鱼,5.0
2025-12-04,酸菜味江团,1.0
2025-12-04,酸菜味海鲈鱼,1.0
2025-12-04,酸菜味黔鱼,2.0
2025-12-04,青椒味江团,5.0
2025-12-04,青椒味海鲈鱼,5.0
2025-12-04,青椒味黔鱼,5.0
2025-12-04,麻辣味江团,11.0
2025-12-04,麻辣味海鲈鱼,11.0
2025-12-04,麻辣味黔鱼,11.0
2025-12-05,掌中宝,20.0
2025-12-05,烤羊肉串,90.0
2025-12-05,老坛酸菜味江团,2.0
2025-12-05,老坛酸菜味海鲈鱼,2.0
2025-12-05,老坛酸菜味黔鱼,2.0
2025-12-05,蒜香味江团,6.0
2025-12-05,蒜香味海鲈鱼,6.0
2025-12-05,蒜香味黔鱼,15.0
2025-12-05,酸菜味江团,2.0
2025-12-05,酸菜味海鲈鱼,2.0
2025-12-05,酸菜味黔鱼,2.0
2025-12-05,青椒味江团,6.0
2025-12-05,青椒味海鲈鱼,6.0
2025-12-05,青椒味黔鱼,7.0
2025-12-05,麻辣味江团,15.0
2025-12-05,麻辣味海鲈鱼,15.0
2025-12-05,麻辣味黔鱼,16.0
2025-12-06,掌中宝,53.0
2025-12-06,烤羊肉串,139.0
2025-12-06,老坛酸菜味江团,2.0
2025-12-06,老坛酸菜味海鲈鱼,2.0
2025-12-06,老坛酸菜味黔鱼,2.0
2025-12-06,蒜香味江团,9.0
2025-12-06,蒜香味海鲈鱼,9.0
2025-12-06,蒜香味黔鱼,17.0
2025-12-06,酸菜味江团,1.0
2025-12-06,酸菜味海鲈鱼,1.0
2025-12-06,酸菜味黔鱼,1.0
2025-12-06,青椒味江团,8.0
2025-12-06,青椒味海鲈鱼,8.0
2025-12-06,青椒味黔鱼,8.0
2025-12-06,麻辣味江团,18.0
2025-12-06,麻辣味海鲈鱼,18.0
2025-12-06,麻辣味黔鱼,18.0
2025-12-07,掌中宝,87.0
2025-12-07,烤羊肉串,104.0
2025-12-07,老坛酸菜味江团,3.0
2025-12-07,老坛酸菜味海鲈鱼,3.0
2025-12-07,老坛酸菜味黔鱼,3.0
2025-12-07,蒜香味江团,10.0
2025-12-07,蒜香味海鲈鱼,10.0
2025-12-07,蒜香味黔鱼,24.0
2025-12-07,酸菜味江团,1.0
2025-12-07,酸菜味海鲈鱼,1.0
2025-12-07,酸菜味黔鱼,1.0
2025-12-07,青椒味江团,7.0
2025-12-07,青椒味海鲈鱼,7.0
2025-12-07,青椒味黔鱼,7.0
2025-12-07,麻辣味江团,18.0
2025-12-07,麻辣味海鲈鱼,17.0
2025-12-07,麻辣味黔鱼,18.0
2025-12-08,掌中宝,16.0
2025-12-08,烤羊肉串,51.0
2025-12-08,老坛酸菜味江团,2.0
2025-12-08,老坛酸菜味海鲈鱼,2.0
2025-12-08,老坛酸菜味黔鱼,2.0
2025-12-08,蒜香味江团,4.0
2025-12-08,蒜香味海鲈鱼,4.0
2025-12-08,蒜香味黔鱼,4.0
2025-12-08,酸菜味江团,1.0
2025-12-08,酸菜味海鲈鱼,1.0
2025-12-08,酸菜味黔鱼,1.0
2025-12-08,青椒味江团,3.0
2025-12-08,青椒味海鲈鱼,3.0
2025-12-08,青椒味黔鱼,3.0
2025-12-08,麻辣味江团,10.0
2025-12-08,麻辣味海鲈鱼,10.0
2025-12-08,麻辣味黔鱼,10.0
2025-12-09,掌中宝,18.0
2025-12-09,烤羊肉串,34.0
2025-12-09,老坛酸菜味江团,2.0
2025-12-09,老坛酸菜味海鲈鱼,2.0
2025-12-09,老坛酸菜味黔鱼,2.0
2025-12-09,蒜香味江团,4.0
2025-12-09,蒜香味海鲈鱼,4.0
2025-12-09,蒜香味黔鱼,9.0
2025-12-09,酸菜味江团,1.0
2025-12-09,酸菜味海鲈鱼,1.0
2025-12-09,酸菜味黔鱼,1.0
2025-12-09,青椒味江团,2.0
2025-12-09,青椒味海鲈鱼,2.0
2025-12-09,青椒味黔鱼,2.0
2025-12-09,麻辣味江团,14.0
2025-12-09,麻辣味海鲈鱼,14.0
2025-12-09,麻辣味黔鱼,14.0
2025-12-10,掌中宝,31.0
2025-12-10,烤羊肉串,24.0
2025-12-10,蒜香味江团,3.0
2025-12-10,蒜香味海鲈鱼,3.0
2025-12-10,蒜香味黔鱼,4.0
2025-12-10,酸菜味江团,1.0
2025-12-10,酸菜味海鲈鱼,1.0
2025-12-10,酸菜味黔鱼,1.0
2025-12-10,青椒味江团,5.0
2025-12-10,青椒味海鲈鱼,5.0
2025-12-10,青椒味黔鱼,5.0
2025-12-10,麻辣味江团,15.0
2025-12-10,麻辣味海鲈鱼,15.0
2025-12-10,麻辣味黔鱼,15.0
2025-12-11,掌中宝,24.0
2025-12-11,烤羊肉串,54.0
2025-12-11,老坛酸菜味江团,1.0
2025-12-11,老坛酸菜味海鲈鱼,1.0
2025-12-11,老坛酸菜味黔鱼,1.0
2025-12-11,蒜香味江团,6.0
2025-12-11,蒜香味海鲈鱼,6.0
2025-12-11,蒜香味黔鱼,9.0
2025-12-11,酸菜味江团,1.0
2025-12-11,酸菜味海鲈鱼,1.0
2025-12-11,酸菜味黔鱼,1.0
2025-12-11,青椒味江团,2.0
2025-12-11,青椒味海鲈鱼,2.0
2025-12-11,青椒味黔鱼,2.0
2025-12-11,麻辣味江团,16.0
2025-12-11,麻辣味海鲈鱼,16.0
2025-12-11,麻辣味黔鱼,16.0
2025-12-12,掌中宝,23.0
2025-12-12,烤羊肉串,31.0
2025-12-12,老坛酸菜味江团,1.0
2025-12-12,老坛酸菜味海鲈鱼,1.0
2025-12-12,老坛酸菜味黔鱼,1.0
2025-12-12,蒜香味江团,4.0
2025-12-12,蒜香味海鲈鱼,4.0
2025-12-12,蒜香味黔鱼,8.0
2025-12-12,酸菜味江团,2.0
2025-12-12,酸菜味海鲈鱼,2.0
2025-12-12,酸菜味黔鱼,2.0
2025-12-12,青椒味江团,3.0
2025-12-12,青椒味海鲈鱼,3.0
2025-12-12,青椒味黔鱼,3.0
2025-12-12,麻辣味江团,16.0
2025-12-12,麻辣味海鲈鱼,16.0
2025-12-12,麻辣味黔鱼,16.0
2025-12-13,掌中宝,41.0
2025-12-13,烤羊肉串,129.0
2025-12-13,老坛酸菜味江团,4.0
2025-12-13,老坛酸菜味海鲈鱼,4.0
2025-12-13,老坛酸菜味黔鱼,4.0
2025-12-13,蒜香味江团,7.0
2025-12-13,蒜香味海鲈鱼,7.0
2025-12-13,蒜香味黔鱼,25.0
2025-12-13,酸菜味江团,2.0
2025-12-13,酸菜味海鲈鱼,2.0
2025-12-13,酸菜味黔鱼,2.0
2025-12-13,青椒味江团,7.0
2025-12-13,青椒味海鲈鱼,7.0
2025-12-13,青椒味黔鱼,7.0
2025-12-13,麻辣味江团,17.0
2025-12-13,麻辣味海鲈鱼,17.0
2025-12-13,麻辣味黔鱼,17.0
2025-12-14,掌中宝,30.0
2025-12-14,烤羊肉串,84.0
2025-12-14,老坛酸菜味江团,3.0
2025-12-14,老坛酸菜味海鲈鱼,3.0
2025-12-14,老坛酸菜味黔鱼,3.0
2025-12-14,蒜香味江团,8.0
2025-12-14,蒜香味海鲈鱼,8.0
2025-12-14,蒜香味黔鱼,17.0
2025-12-14,酸菜味江团,1.0
2025-12-14,酸菜味海鲈鱼,1.0
2025-12-14,酸菜味黔鱼,1.0
2025-12-14,青椒味江团,6.0
2025-12-14,青椒味海鲈鱼,6.0
2025-12-14,青椒味黔鱼,6.0
2025-12-14,麻辣味江团,20.0
2025-12-14,麻辣味海鲈鱼,20.0
2025-12-14,麻辣味黔鱼,20.0
2025-12-15,掌中宝,22.0
2025-12-15,烤羊肉串,63.0
2025-12-15,老坛酸菜味江团,2.0
2025-12-15,老坛酸菜味海鲈鱼,2.0
2025-12-15,老坛酸菜味黔鱼,2.0
2025-12-15,蒜香味江团,4.0
2025-12-15,蒜香味海鲈鱼,4.0
2025-12-15,蒜香味黔鱼,8.0
2025-12-15,酸菜味江团,1.0
2025-12-15,酸菜味海鲈鱼,1.0
2025-12-15,酸菜味黔鱼,1.0
2025-12-15,青椒味江团,2.0
2025-12-15,青椒味海鲈鱼,2.0
2025-12-15,青椒味黔鱼,2.0
2025-12-15,麻辣味江团,11.0
2025-12-15,麻辣味海鲈鱼,11.0
2025-12-15,麻辣味黔鱼,11.0
2025-12-16,掌中宝,25.0
2025-12-16,烤羊肉串,51.0
2025-12-16,老坛酸菜味江团,2.0
2025-12-16,老坛酸菜味海鲈鱼,2.0
2025-12-16,老坛酸菜味黔鱼,2.0
2025-12-16,蒜香味江团,4.0
2025-12-16,蒜香味海鲈鱼,4.0
2025-12-16,蒜香味黔鱼,4.0
2025-12-16,青椒味江团,3.0
2025-12-16,青椒味海鲈鱼,3.0
2025-12-16,青椒味黔鱼,3.0
2025-12-16,麻辣味江团,10.0
2025-12-16,麻辣味海鲈鱼,10.0
2025-12-16,麻辣味黔鱼,10.0
2025-12-17,掌中宝,26.0
2025-12-17,烤羊肉串,44.0
2025-12-17,老坛酸菜味江团,1.0
2025-12-17,老坛酸菜味海鲈鱼,1.0
2025-12-17,老坛酸菜味黔鱼,1.0
2025-12-17,蒜香味江团,2.0
2025-12-17,蒜香味海鲈鱼,2.0
2025-12-17,蒜香味黔鱼,7.0
2025-12-17,酸菜味江团,1.0
2025-12-17,酸菜味海鲈鱼,1.0
2025-12-17,酸菜味黔鱼,1.0
2025-12-17,青椒味江团,5.0
2025-12-17,青椒味海鲈鱼,5.0
2025-12-17,青椒味黔鱼,5.0
2025-12-17,麻辣味江团,10.0
2025-12-17,麻辣味海鲈鱼,10.0
2025-12-17,麻辣味黔鱼,10.0
2025-12-18,掌中宝,18.0
2025-12-18,烤羊肉串,53.0
2025-12-18,老坛酸菜味江团,2.0
2025-12-18,老坛酸菜味海鲈鱼,2.0
2025-12-18,老坛酸菜味黔鱼,2.0
2025-12-18,蒜香味江团,4.0
2025-12-18,蒜香味海鲈鱼,4.0
2025-12-18,蒜香味黔鱼,5.0
2025-12-18,酸菜味江团,1.0
2025-12-18,酸菜味海鲈鱼,1.0
2025-12-18,酸菜味黔鱼,1.0
2025-12-18,青椒味江团,3.0
2025-12-18,青椒味海鲈鱼,3.0
2025-12-18,青椒味黔鱼,3.0
2025-12-18,麻辣味江团,14.0
2025-12-18,麻辣味海鲈鱼,14.0
2025-12-18,麻辣味黔鱼,14.0
2025-12-19,掌中宝,52.0
2025-12-19,烤羊肉串,58.0
2025-12-19,老坛酸菜味江团,1.0
2025-12-19,老坛酸菜味海鲈鱼,1.0
2025-12-19,老坛酸菜味黔鱼,1.0
2025-12-19,蒜香味江团,5.0
2025-12-19,蒜香味海鲈鱼,5.0
2025-12-19,蒜香味黔鱼,10.0
2025-12-19,酸菜味江团,2.0
2025-12-19,酸菜味海鲈鱼,2.0
2025-12-19,酸菜味黔鱼,2.0
2025-12-19,青椒味江团,4.0
2025-12-19,青椒味海鲈鱼,4.0
2025-12-19,青椒味黔鱼,4.0
2025-12-19,麻辣味江团,19.0
2025-12-19,麻辣味海鲈鱼,19.0
2025-12-19,麻辣味黔鱼,19.0
2025-12-20,掌中宝,57.0
2025-12-20,烤羊肉串,100.0
2025-12-20,老坛酸菜味江团,2.0
2025-12-20,老坛酸菜味海鲈鱼,2.0
2025-12-20,老坛酸菜味黔鱼,2.0
2025-12-20,蒜香味江团,10.0
2025-12-20,蒜香味海鲈鱼,10.0
2025-12-20,蒜香味黔鱼,19.0
2025-12-20,酸菜味江团,1.0
2025-12-20,酸菜味海鲈鱼,1.0
2025-12-20,酸菜味黔鱼,1.0
2025-12-20,青椒味江团,7.0
2025-12-20,青椒味海鲈鱼,7.0
2025-12-20,青椒味黔鱼,7.0
2025-12-20,麻辣味江团,19.0
2025-12-20,麻辣味海鲈鱼,19.0
2025-12-20,麻辣味黔鱼,19.0
2025-12-21,掌中宝,30.0
2025-12-21,烤羊肉串,149.0
2025-12-21,老坛酸菜味江团,3.0
2025-12-21,老坛酸菜味海鲈鱼,3.0
2025-12-21,老坛酸菜味黔鱼,3.0
2025-12-21,蒜香味江团,9.0
2025-12-21,蒜香味海鲈鱼,9.0
2025-12-21,蒜香味黔鱼,19.0
2025-12-21,酸菜味江团,1.0
2025-12-21,酸菜味海鲈鱼,1.0
2025-12-21,酸菜味黔鱼,1.0
2025-12-21,青椒味江团,8.0
2025-12-21,青椒味海鲈鱼,8.0
2025-12-21,青椒味黔鱼,8.0
2025-12-21,麻辣味江团,17.0
2025-12-21,麻辣味海鲈鱼,17.0
2025-12-21,麻辣味黔鱼,17.0
2025-12-22,掌中宝,14.0
2025-12-22,烤羊肉串,52.0
2025-12-22,蒜香味江团,3.0
2025-12-22,蒜香味海鲈鱼,3.0
2025-12-22,蒜香味黔鱼,4.0
2025-12-22,青椒味江团,6.0
2025-12-22,青椒味海鲈鱼,6.0
2025-12-22,青椒味黔鱼,6.0
2025-12-22,麻辣味江团,12.0
2025-12-22,麻辣味海鲈鱼,12.0
2025-12-22,麻辣味黔鱼,12.0
2025-12-23,掌中宝,37.0
2025-12-23,烤羊肉串,54.0
2025-12-23,老坛酸菜味江团,1.0
2025-12-23,老坛酸菜味海鲈鱼,1.0
2025-12-23,老坛酸菜味黔鱼,1.0
2025-12-23,蒜香味江团,4.0
2025-12-23,蒜香味海鲈鱼,4.0
2025-12-23,蒜香味黔鱼,10.0
2025-12-23,酸菜味江团,1.0
2025-12-23,酸菜味海鲈鱼,1.0
2025-12-23,酸菜味黔鱼,1.0
2025-12-23,青椒味江团,4.0
2025-12-23,青椒味海鲈鱼,4.0
2025-12-23,青椒味黔鱼,4.0
2025-12-23,麻辣味江团,9.0
2025-12-23,麻辣味海鲈鱼,9.0
2025-12-23,麻辣味黔鱼,9.0
2025-12-24,掌中宝,45.0
2025-12-24,烤羊肉串,66.0
2025-12-24,老坛酸菜味江团,3.0
2025-12-24,老坛酸菜味海鲈鱼,3.0
2025-12-24,老坛酸菜味黔鱼,3.0
2025-12-24,蒜香味江团,4.0
2025-12-24,蒜香味海鲈鱼,4.0
2025-12-24,蒜香味黔鱼,8.0
2025-12-24,酸菜味江团,1.0
2025-12-24,酸菜味海鲈鱼,1.0
2025-12-24,酸菜味黔鱼,1.0
2025-12-24,青椒味江团,5.0
2025-12-24,青椒味海鲈鱼,5.0
2025-12-24,青椒味黔鱼,5.0
2025-12-24,麻辣味江团,13.0
2025-12-24,麻辣味海鲈鱼,13.0
2025-12-24,麻辣味黔鱼,13.0
2025-12-25,掌中宝,49.0
2025-12-25,烤羊肉串,31.0
2025-12-25,老坛酸菜味江团,1.0
2025-12-25,老坛酸菜味海鲈鱼,1.0
2025-12-25,老坛酸菜味黔鱼,1.0
2025-12-25,蒜香味江团,5.0
2025-12-25,蒜香味海鲈鱼,5.0
2025-12-25,蒜香味黔鱼,11.0
2025-12-25,酸菜味江团,3.0
2025-12-25,酸菜味海鲈鱼,3.0
2025-12-25,酸菜味黔鱼,3.0
2025-12-25,青椒味江团,4.0
2025-12-25,青椒味海鲈鱼,4.0
2025-12-25,青椒味黔鱼,4.0
2025-12-25,麻辣味江团,16.0
2025-12-25,麻辣味海鲈鱼,16.0
2025-12-25,麻辣味黔鱼,16.0
2025-12-26,掌中宝,28.0
2025-12-26,烤羊肉串,44.0
2025-12-26,老坛酸菜味江团,3.0
2025-12-26,老坛酸菜味海鲈鱼,3.0
2025-12-26,老坛酸菜味黔鱼,3.0
2025-12-26,蒜香味江团,5.0
2025-12-26,蒜香味海鲈鱼,5.0
2025-12-26,蒜香味黔鱼,12.0
2025-12-26,酸菜味江团,2.0
2025-12-26,酸菜味海鲈鱼,2.0
2025-12-26,酸菜味黔鱼,2.0
2025-12-26,青椒味江团,5.0
2025-12-26,青椒味海鲈鱼,5.0
2025-12-26,青椒味黔鱼,5.0
2025-12-26,麻辣味江团,20.0
2025-12-26,麻辣味海鲈鱼,20.0
2025-12-26,麻辣味黔鱼,20.0
2025-12-27,掌中宝,59.0
2025-12-27,烤羊肉串,105.0
2025-12-27,老坛酸菜味江团,6.0
2025-12-27,老坛酸菜味海鲈鱼,6.0
2025-12-27,老坛酸菜味黔鱼,6.0
2025-12-27,蒜香味江团,12.0
2025-12-27,蒜香味海鲈鱼,14.0
2025-12-27,蒜香味黔鱼,21.0
2025-12-27,酸菜味海鲈鱼,2.0
2025-12-27,青椒味江团,9.0
2025-12-27,青椒味海鲈鱼,10.0
2025-12-27,青椒味黔鱼,9.0
2025-12-27,麻辣味江团,24.0
2025-12-27,麻辣味海鲈鱼,25.0
2025-12-27,麻辣味黔鱼,24.0
2025-12-28,掌中宝,51.0
2025-12-28,烤羊肉串,101.0
2025-12-28,老坛酸菜味江团,5.0
2025-12-28,老坛酸菜味海鲈鱼,5.0
2025-12-28,老坛酸菜味黔鱼,5.0
2025-12-28,蒜香味江团,9.0
2025-12-28,蒜香味海鲈鱼,9.0
2025-12-28,蒜香味黔鱼,25.0
2025-12-28,酸菜味江团,1.0
2025-12-28,酸菜味海鲈鱼,1.0
2025-12-28,酸菜味黔鱼,1.0
2025-12-28,青椒味江团,8.0
2025-12-28,青椒味海鲈鱼,8.0
2025-12-28,青椒味黔鱼,8.0
2025-12-28,麻辣味江团,15.0
2025-12-28,麻辣味海鲈鱼,17.0
2025-12-28,麻辣味黔鱼,15.0
2025-12-29,掌中宝,30.0
2025-12-29,烤羊肉串,56.0
2025-12-29,老坛酸菜味江团,1.0
2025-12-29,老坛酸菜味海鲈鱼,1.0
2025-12-29,老坛酸菜味黔鱼,1.0
2025-12-29,蒜香味江团,5.0
2025-12-29,蒜香味海鲈鱼,5.0
2025-12-29,蒜香味黔鱼,9.0
2025-12-29,酸菜味江团,1.0
2025-12-29,酸菜味海鲈鱼,1.0
2025-12-29,酸菜味黔鱼,1.0
2025-12-29,青椒味江团,3.0
2025-12-29,青椒味海鲈鱼,3.0
2025-12-29,青椒味黔鱼,3.0
2025-12-29,麻辣味江团,13.0
2025-12-29,麻辣味海鲈鱼,14.0
2025-12-29,麻辣味黔鱼,13.0
2025-12-30,掌中宝,24.0
2025-12-30,烤羊肉串,89.0
2025-12-30,老坛酸菜味江团,2.0
2025-12-30,老坛酸菜味海鲈鱼,2.0
2025-12-30,老坛酸菜味黔鱼,2.0
2025-12-30,蒜香味江团,5.0
2025-12-30,蒜香味海鲈鱼,5.0
2025-12-30,蒜香味黔鱼,8.0
2025-12-30,酸菜味江团,1.0
2025-12-30,酸菜味海鲈鱼,1.0
2025-12-30,酸菜味黔鱼,1.0
2025-12-30,青椒味江团,5.0
2025-12-30,青椒味海鲈鱼,6.0
2025-12-30,青椒味黔鱼,5.0
2025-12-30,麻辣味江团,20.0
2025-12-30,麻辣味海鲈鱼,21.0
2025-12-30,麻辣味黔鱼,20.0
2025-12-31,掌中宝,87.0
2025-12-31,烤羊肉串,137.0
2025-12-31,老坛酸菜味江团,3.0
2025-12-31,老坛酸菜味海鲈鱼,3.0
2025-12-31,老坛酸菜味黔鱼,3.0
2025-12-31,蒜香味江团,8.0
2025-12-31,蒜香味海鲈鱼,11.0
2025-12-31,蒜香味黔鱼,27.0
2025-12-31,酸菜味江团,3.0
2025-12-31,酸菜味海鲈鱼,4.0
2025-12-31,酸菜味黔鱼,3.0
2025-12-31,青椒味江团,7.0
2025-12-31,青椒味海鲈鱼,11.0
2025-12-31,青椒味黔鱼,7.0
2025-12-31,麻辣味江团,41.0
2025-12-31,麻辣味海鲈鱼,44.0
2025-12-31,麻辣味黔鱼,41.0
